시도교육청코드,시도교육청명,교육지원청코드,교육지원청명,시도코드,시도명,시군구코드,시군구명,폐교명,폐교연도,학교급구분명,활용현황구분명,건물연면적,대지,담당자 부서명,담당자 전화번호,소재지도로명주소,소재지지번주소,데이터기준일자,제공기관코드,제공기관명
8750000,경상북도교육청,8821000,경상북도교육청영천교육지원청,47,경상북도,230,영천시,화산중학교,2026,초등학교,자체활용,2036,17642,행정지원과,054-330-2434,경상북도 영천시 화산면 연유길 14,경상북도 영천시 화산면 유성리 1360-1,2026-06-18,8821000,경상북도교육청 경상북도영천교육지원청
8750000,경상북도교육청,8821000,경상북도교육청영천교육지원청,47,경상북도,230,영천시,고경초등학교 삼귀분교장,1995,초등학교,대부,210,11174,행정지원과,054-330-2434,경상북도 영천시 고경면 차당실로 435-32,경상북도 영천시 고경면 차당리 산51-2,2026-06-18,8821000,경상북도교육청 경상북도영천교육지원청
8750000,경상북도교육청,8821000,경상북도교육청영천교육지원청,47,경상북도,230,영천시,금호남부초등학교,1995,초등학교,대부,1600,11412,행정지원과,054-330-2434,경상북도 영천시 금호읍 칠백로 339,경상북도 영천시 금호읍 호남리 30,2026-06-18,8821000,경상북도교육청 경상북도영천교육지원청
8750000,경상북도교육청,8821000,경상북도교육청영천교육지원청,47,경상북도,230,영천시,청경초등학교,1998,초등학교,자체활용,2598,18132,행정지원과,054-330-2434,경상북도 영천시 고경면 호국로 791,경상북도 영천시 고경면 도암리 147,2026-06-18,8821000,경상북도교육청 경상북도영천교육지원청
8750000,경상북도교육청,8821000,경상북도교육청영천교육지원청,47,경상북도,230,영천시,영도초등학교,1999,초등학교,대부,3186,10117,행정지원과,054-330-2434,경상북도 영천시 산업단지로 164,경상북도 영천시 본촌동 335-2,2026-06-18,8821000,경상북도교육청 경상북도영천교육지원청
8750000,경상북도교육청,8821000,경상북도교육청영천교육지원청,47,경상북도,230,영천시,영북초등학교,2007,초등학교,자체활용,1844,15726,행정지원과,054-330-2434,경상북도 영천시 봉계길 58,경상북도 영천시 녹전동 116-1,2026-06-18,8821000,경상북도교육청 경상북도영천교육지원청
8750000,경상북도교육청,8821000,경상북도교육청영천교육지원청,47,경상북도,230,영천시,화남초등학교 죽곡분교장,1995,초등학교,대부,1103,7857,행정지원과,054-330-2434,경상북도 영천시 화남면 신선로 310,경상북도 영천시 화남면 죽곡리 650-2,2026-06-18,8821000,경상북도교육청 경상북도영천교육지원청
8750000,경상북도교육청,8821000,경상북도교육청영천교육지원청,47,경상북도,230,영천시,자양초등학교 신방분교장,1999,초등학교,대부,508,7300,행정지원과,054-330-2434,경상북도 영천시 자양면 신방로 626,경상북도 영천시 자양면 신방리 803,2026-06-18,8821000,경상북도교육청 경상북도영천교육지원청
8750000,경상북도교육청,8821000,경상북도교육청영천교육지원청,47,경상북도,230,영천시,석계초등학교,1993,초등학교,미활용,1245,15102,행정지원과,054-330-2434,경상북도 영천시 고경면 상계로 165,경상북도 영천시 고경면 석계리 5-2,2026-06-18,8821000,경상북도교육청 경상북도영천교육지원청
8750000,경상북도교육청,8821000,경상북도교육청영천교육지원청,47,경상북도,230,영천시,명주초등학교,1999,초등학교,미활용,973,11446,행정지원과,054-330-2434,경상북도 영천시 북안면 운북로 1447,경상북도 영천시 북안면 명주리 307-1,2026-06-18,8821000,경상북도교육청 경상북도영천교육지원청
8750000,경상북도교육청,8821000,경상북도교육청영천교육지원청,47,경상북도,230,영천시,자천초등학교 상송분교장,2007,초등학교,미활용,1355,11376,행정지원과,054-330-2434,경상북도 영천시 화북면 천문로 3034-4,경상북도 영천시 화북면 상송리 42-1,2026-06-18,8821000,경상북도교육청 경상북도영천교육지원청
8750000,경상북도교육청,8821000,경상북도교육청영천교육지원청,47,경상북도,230,영천시,신녕서부초등학교,2001,초등학교,미활용,1969,13714,행정지원과,054-330-2434,경상북도 영천시 신녕면 새터길 136,경상북도 영천시 신녕면 부산리 946-1,2026-06-18,8821000,경상북도교육청 경상북도영천교육지원청
8750000,경상북도교육청,8821000,경상북도교육청영천교육지원청,47,경상북도,230,영천시,임고초등학교 금대분교장,2002,초등학교,미활용,835,11259,행정지원과,054-330-2434,경상북도 영천시 임고면 운주로 664,경상북도 영천시 임고면 금대리 446-1,2026-06-18,8821000,경상북도교육청 경상북도영천교육지원청
8750000,경상북도교육청,8821000,경상북도교육청영천교육지원청,47,경상북도,230,영천시,임고초등학교 수성분교장,2009,초등학교,미활용,600,8096,행정지원과,054-330-2434,경상북도 영천시 임고면 운주로 1530,경상북도 영천시 임고면 수성리 901-2,2026-06-18,8821000,경상북도교육청 경상북도영천교육지원청
8750000,경상북도교육청,8821000,경상북도교육청영천교육지원청,47,경상북도,230,영천시,영화초등학교 화덕분교장,2020,초등학교,미활용,1383,21478,행정지원과,054-330-2434,경상북도 영천시 화산면 덕암길 104,경상북도 영천시 화산면 덕암리 548-3,2026-06-18,8821000,경상북도교육청 경상북도영천교육지원청
8750000,경상북도교육청,8821000,경상북도교육청영천교육지원청,47,경상북도,230,영천시,영천남부초등학교,2012,초등학교,미활용,1567,41601,행정지원과,054-330-2434,경상북도 영천시 한방로 273-6,경상북도 영천시 작산동 56,2026-06-18,8821000,경상북도교육청 경상북도영천교육지원청
7010000,서울특별시교육청,7041000,서울특별시남부교육지원청,11,서울특별시,545,금천구,서울흥일초등학교,2015,초등학교,자체활용,4093.7,4865.6,행정지원과,02-2165-2122,서울특별시 영등포구 문래로 121,,2026-06-26,7041000,서울특별시교육청 서울특별시남부교육지원청
7010000,서울특별시교육청,7081300,서울특별시강서양천교육지원청,11,서울특별시,500,강서구,공진중학교,2020,중학교,자체활용,6792,7052,재정지원과,02-2600-0922,서울특별시 강서구 양천로55길 56,서울특별시 강서구 가양동 1476,2026-05-29,7081300,서울특별시교육청 서울특별시강서양천교육지원청
7010000,서울특별시교육청,7081300,서울특별시강서양천교육지원청,11,서울특별시,500,강서구,서울염강초등학교,2020,초등학교,자체활용,5162,11076,재정지원과,02-2600-0922,서울특별시 강서구 허준로 221-22,서울특별시 강서구 가양동 1492,2026-05-29,7081300,서울특별시교육청 서울특별시강서양천교육지원청
7010000,서울특별시교육청,7134000,성동광진교육지원청,11,서울특별시,200,성동구,성수공업고등학교,2024,고등학교,자체활용,17427.12,13800,재정지원과,02-2286-3704,서울특별시 성동구 뚝섬로 365,서울특별시 성동구 성수동2가 333-128,2026-06-10,7134000,서울특별시교육청 서울특별시성동광진교육지원청
7010000,서울특별시교육청,7134000,성동광진교육지원청,11,서울특별시,200,성동구,덕수고등학교(행당분교),2024,고등학교,자체활용,20777.27,35128,재정지원과,02-2286-3704,서울특별시 성동구 왕십리로 199,서울특별시 성동구 행당동 70-28,2026-06-10,7134000,서울특별시교육청 서울특별시성동광진교육지원청
7010000,서울특별시교육청,7134000,성동광진교육지원청,11,서울특별시,215,광진구,서울화양초등학교,2023,초등학교,자체활용,3787.32,5583,재정지원과,02-2286-3704,서울특별시 광진구 군자로 9,서울특별시 광진구 화양동 12-2,2026-06-10,7134000,서울특별시교육청 서울특별시성동광진교육지원청
8140000,충청남도교육청,8241000,충청남도교육청 충청남도서천교육지원청,44,충청남도,770,서천군,문산초등학교,2025,초등학교,자체활용,2035,16511,행정과,041-950-6072,충청남도 서천군 문산면 신농길 26-29,충청남도 서천군 문산면 신농리 21-1,2026-06-15,8241000,충청남도교육청 충청남도서천교육지원청
8140000,충청남도교육청,8241000,충청남도교육청 충청남도서천교육지원청,44,충청남도,770,서천군,서남초등학교,2025,초등학교,자체활용,2633,26294,행정과,041-950-6072,충청남도 서천군 마서면 마서로 260-12,충청남도 서천군 마서면 봉남리 255,2026-06-15,8241000,충청남도교육청 충청남도서천교육지원청
8140000,충청남도교육청,8241000,충청남도교육청 충청남도서천교육지원청,44,충청남도,770,서천군,종천초등학교,1998,초등학교,자체활용,1100.8,10010,행정과,041-950-6072,충청남도 서천군 종천면 종천화산길 21-24,충청남도 서천군 종천면 화산리 191-2,2026-06-15,8241000,충청남도교육청 충청남도서천교육지원청
8750000,경상북도교육청,8821000,경상북도교육청영천교육지원청,47,경상북도,230,영천시,영천중앙초등학교 화남분교장,2026,초등학교,미활용,1295,13744,행정지원과,054-330-2434,경상북도 영천시 화남면 천문로 1224,경상북도 영천시 화남면 사천리 1238,2026-06-18,8821000,경상북도교육청 경상북도영천교육지원청
8750000,경상북도교육청,8921000,경상북도고령교육지원청,47,경상북도,830,고령군,백산초등학교,2013,초등학교,자체활용,2014,15343,행정지원과,054-950-2565,경상북도 고령군 쌍림면 영서로 3184,경상북도 고령군 쌍림면 백산리 163,2026-01-12,8921000,경상북도교육청 경상북도고령교육지원청
8750000,경상북도교육청,8921000,경상북도고령교육지원청,47,경상북도,830,고령군,운수초등학교화암분교장,1994,초등학교,미활용,862,9796,행정지원과,054-950-2565,경상북도 고령군 운수면 법승길 18-26,경상북도 고령군 운수면 화암리 1163,2026-01-12,8921000,경상북도교육청 경상북도고령교육지원청
8750000,경상북도교육청,8921000,경상북도고령교육지원청,47,경상북도,830,고령군,우곡초등학교도진분교장,2013,초등학교,미활용,758,10192,행정지원과,054-950-2565,경상북도 고령군 우곡면 도진3길 26-13,경상북도 고령군 우곡면 도진리 270,2026-01-12,8921000,경상북도교육청 경상북도고령교육지원청
8750000,경상북도교육청,8921000,경상북도고령교육지원청,47,경상북도,830,고령군,개진초등학교영동분교장,2008,초등학교,미활용,989,8410,행정지원과,054-950-2565,경상북도 고령군 개진면 개경포로 1534,경상북도 고령군 개진면 생리 251,2026-01-12,8921000,경상북도교육청 경상북도고령교육지원청
9010000,경상남도교육청,9081000,사천교육지원청,48,경상남도,240,사천시,사동초등학교,1999,초등학교,대부,977.19,6847,교육재정담당,055-830-1579,경상남도 사천시 사천읍 웅동안길 13-7,경상남도 사천시 사천읍 두량리 260,2025-12-01,9010000,경상남도교육청
9010000,경상남도교육청,9071000,통영교육지원청,48,경상남도,220,통영시,도원초등학교,1999,초등학교,대부,903,8869,교육재정담당,055-650-8085,경상남도 통영시 도산면 남해안대로 2054,경상남도 통영시 도산면 원산리 933,2025-12-01,9010000,경상남도교육청
9010000,경상남도교육청,9071000,통영교육지원청,48,경상남도,220,통영시,사량초등학교읍덕분교장,2012,초등학교,대부,780,7984,교육재정담당,055-650-8085,경상남도 통영시 사량면 하도일주로 261-40,경상남도 통영시 사량면 읍덕리 366-1,2025-12-01,9010000,경상남도교육청
9010000,경상남도교육청,9071000,통영교육지원청,48,경상남도,220,통영시,산양초등학교연명분교장,1992,초등학교,대부,669,3732,교육재정담당,055-650-8085,경상남도 통영시 산양읍 연명길 140,경상남도 통영시 산양읍 연화리 1124,2025-12-01,9010000,경상남도교육청
9010000,경상남도교육청,9071000,통영교육지원청,48,경상남도,220,통영시,산양초등학교화양분교장,2007,초등학교,대부,1083,10511,교육재정담당,055-650-8085,경상남도 통영시 산양읍 논아랫개길 4,경상남도 통영시 산양읍 신전리 889,2025-12-01,9010000,경상남도교육청
9010000,경상남도교육청,9071000,통영교육지원청,48,경상남도,220,통영시,수월초등학교,1999,초등학교,대부,1128,6340,교육재정담당,055-650-8085,경상남도 통영시 도산면 수월1길 33,경상남도 통영시 도산면 수월리 886-1,2025-12-01,9010000,경상남도교육청
9010000,경상남도교육청,9071000,통영교육지원청,48,경상남도,220,통영시,욕지초등학교도덕분교장,2005,초등학교,대부,0,6851,교육재정담당,055-650-8085,경상남도 통영시 욕지면 도동길 78,경상남도 통영시 욕지면 서산리 644,2025-12-01,9010000,경상남도교육청
9010000,경상남도교육청,9071000,통영교육지원청,48,경상남도,220,통영시,충렬초등학교대평분교장,1991,초등학교,대부,362,8694,교육재정담당,055-650-8085,경상남도 통영시 평인일주로 832-23,경상남도 통영시 평림동 495,2025-12-01,9010000,경상남도교육청
9010000,경상남도교육청,9171000,남해교육지원청,48,경상남도,840,남해군,북창선초등학교,1999,초등학교,대부,1343,7849,교육재정담당,055-860-4184,경상남도 남해군 창선면 서부로 1455-10,경상남도 남해군 창선면 대벽리 277,2025-12-01,9010000,경상남도교육청
9010000,경상남도교육청,9131000,함안교육지원청,48,경상남도,730,함안군,군북초등학교수곡분교장,1995,초등학교,대부,786,9784,교육재정담당,055-580-8072,경상남도 함안군 군북면 삼방로 342,경상남도 함안군 군북면 수곡리 175,2025-12-01,9010000,경상남도교육청
9010000,경상남도교육청,9131000,함안교육지원청,48,경상남도,730,함안군,문현초등학교,1997,초등학교,대부,1313,15174,교육재정담당,055-580-8072,경상남도 함안군 법수면 장백로 891,경상남도 함안군 법수면 대송리 1110,2025-12-01,9010000,경상남도교육청
9010000,경상남도교육청,9131000,함안교육지원청,48,경상남도,730,함안군,군북초등학교사촌분교장,1999,초등학교,대부,449,13842,교육재정담당,055-580-8072,경상남도 함안군 군북면 의산삼일로 1780,경상남도 함안군 군북면 사촌리 862,2025-12-01,9010000,경상남도교육청
8000000,충청북도교육청,8071000,영동교육지원청,43,충청북도,740,영동군,상촌초 물한분교,1991,초등학교,자체활용,790,13587,행정과,043-740-7783,충청북도 영동군 상촌면 물한4길 8,충청북도 영동군 상촌면 물한리  643,2025-12-01,8000000,충청북도교육청
8000000,충청북도교육청,8061000,옥천교육지원청,43,충청북도,730,옥천군,증약초 대정분교,2025,초등학교,미활용,984,16246,행정과,043-730-4332,충청북도 옥천군 군북면 방아실길 3-2,충청북도 옥천군 군북면 대정리 577,2025-12-01,8000000,충청북도교육청
8000000,충청북도교육청,8061000,옥천교육지원청,43,충청북도,730,옥천군,청성초 화성분교,1999,초등학교,미활용,786,9926,행정과,043-730-4332,충청북도 옥천군 청성면 남부로 2848,충청북도 옥천군 청성면 화성리 295-1,2025-12-01,8000000,충청북도교육청
8000000,충청북도교육청,8061000,옥천교육지원청,43,충청북도,730,옥천군,청동초,1999,초등학교,대부,40,13599,행정과,043-730-4332,충청북도 옥천군 청산면 남부로 1916-19,충청북도 옥천군 청산면 효목리 675-1,2025-12-01,8000000,충청북도교육청
8000000,충청북도교육청,8061000,옥천교육지원청,43,충청북도,730,옥천군,청성초 묘금분교,2000,초등학교,대부,1291,9604,행정과,043-730-4332,충청북도 옥천군 청성면 묘금3길 11,충청북도 옥천군 청성면 묘금리 19-1,2025-12-01,8000000,충청북도교육청
8000000,충청북도교육청,8061000,옥천교육지원청,43,충청북도,730,옥천군,청산초 대월분교,1995,초등학교,대부,71,10092,행정과,043-730-4332,충청북도 옥천군 청산면 청산관기로 507,충청북도 옥천군 청산면 대성리 173-1,2025-12-01,8000000,충청북도교육청
8000000,충청북도교육청,8061000,옥천교육지원청,43,충청북도,730,옥천군,이원초 지탄분교,2012,초등학교,대부,971,11892,행정과,043-730-4332,충청북도 옥천군 이원면 지탄1길 76,충청북도 옥천군 이원면 지탄리 734-5,2025-12-01,8000000,충청북도교육청
8000000,충청북도교육청,8061000,옥천교육지원청,43,충청북도,730,옥천군,안내초 용촌분교,1995,초등학교,미활용,651,9379,행정과,043-730-4332,충청북도 옥천군 안내면 용촌차정로 12,충청북도 옥천군 안내면 용촌리 160,2025-12-01,8000000,충청북도교육청
8000000,충청북도교육청,8061000,옥천교육지원청,43,충청북도,730,옥천군,동이중,1998,중학교,대부,1339,22491,행정과,043-730-4332,충청북도 옥천군 동이면 적하길 23,충청북도 옥천군 동이면 적하리 672,2025-12-01,8000000,충청북도교육청
8000000,충청북도교육청,8061000,옥천교육지원청,43,충청북도,730,옥천군,죽향초 군북분교,1994,초등학교,자체활용,365,12253,행정과,043-730-4332,충청북도 옥천군 군북면 성왕로 1840,충청북도 옥천군 군북면 소정리 245,2025-12-01,8000000,충청북도교육청
8000000,충청북도교육청,8051000,보은교육지원청,43,충청북도,720,보은군,보은정보고,2025,고등학교,자체활용,6022,32754,행정과,043-540-5534,충청북도 보은군 보은읍 성주길 27,충청북도 보은군 보은읍 성주리 171-2,2025-12-01,8000000,충청북도교육청
8000000,충청북도교육청,8051000,보은교육지원청,43,충청북도,720,보은군,관기초 소여분교,1995,초등학교,미활용,574,7940,행정과,043-540-5534,충청북도 보은군 마로면 소여2길 3,충청북도 보은군 마로면 소여리 470-1,2025-12-01,8000000,충청북도교육청
8000000,충청북도교육청,8051000,보은교육지원청,43,충청북도,720,보은군,회남초 분저분교,1992,초등학교,미활용,586,9461,행정과,043-540-5534,충청북도 보은군 회남면 안내회남로 1426,충청북도 보은군 회남면 분저리 71,2025-12-01,8000000,충청북도교육청
8000000,충청북도교육청,8051000,보은교육지원청,43,충청북도,720,보은군,(구)내북초,2013,초등학교,미활용,2045,12414,행정과,043-540-5534,충청북도 보은군 내북면 남부로 6225-19,충청북도 보은군 내북면 동산리 119,2025-12-01,8000000,충청북도교육청
8000000,충청북도교육청,8051000,보은교육지원청,43,충청북도,720,보은군,관기초 적암분교,1995,초등학교,미활용,572,3880,행정과,043-540-5534,충청북도 보은군 마로면 적암길 17,충청북도 보은군 마로면 적암리 149,2025-12-01,8000000,충청북도교육청
8000000,충청북도교육청,8051000,보은교육지원청,43,충청북도,720,보은군,삼산초 중초분교,1999,초등학교,대부,1145,13430,행정과,043-540-5534,충청북도 보은군 보은읍 중초길 4,충청북도 보은군 보은읍 중초리 408-1,2025-12-01,8000000,충청북도교육청
8000000,충청북도교육청,8051000,보은교육지원청,43,충청북도,720,보은군,내북초 아곡분교,2002,초등학교,대부,672,12709,행정과,043-540-5534,충청북도 보은군 내북면 남부로 5825-6,충청북도 보은군 내북면 상궁리 46-2,2025-12-01,8000000,충청북도교육청
8000000,충청북도교육청,8051000,보은교육지원청,43,충청북도,720,보은군,내북초 이식분교,1999,초등학교,대부,768,10060,행정과,043-540-5534,충청북도 보은군 산외면 성암가고로 235-6,충청북도 보은군 산외면 이식리 84,2025-12-01,8000000,충청북도교육청
8000000,충청북도교육청,8051000,보은교육지원청,43,충청북도,720,보은군,산외초 산대분교,1992,초등학교,대부,840,13828,행정과,043-540-5534,충청북도 보은군 산외면 내북산외로 787-10,충청북도 보은군 산외면 산대리 118-1,2025-12-01,8000000,충청북도교육청
8000000,충청북도교육청,8051000,보은교육지원청,43,충청북도,720,보은군,산외초 장갑분교,2002,초등학교,대부,1302,11448,행정과,043-540-5534,충청북도 보은군 산외면 속리산로 1770,충청북도 보은군 산외면 장갑리 318,2025-12-01,8000000,충청북도교육청
8000000,충청북도교육청,8051000,보은교육지원청,43,충청북도,720,보은군,탄부초 사직분교,2002,초등학교,대부,1189,15908,행정과,043-540-5534,충청북도 보은군 탄부면 사직1길 13,충청북도 보은군 탄부면 사직리 151-3,2025-12-01,8000000,충청북도교육청
8000000,충청북도교육청,8051000,보은교육지원청,43,충청북도,720,보은군,관기초 기대분교,1994,초등학교,대부,0,10779,행정과,043-540-5534,충청북도 보은군 마로면 기대리 328-2,충청북도 보은군 마로면 기대리 328-2,2025-12-01,8000000,충청북도교육청
8000000,충청북도교육청,8051000,보은교육지원청,43,충청북도,720,보은군,(구)북암초,1981,초등학교,대부,273,6609,행정과,043-540-5534,충청북도 보은군 속리산면 북암1길 14-1,충청북도 보은군 속리산면 북암리 318,2025-12-01,8000000,충청북도교육청
8000000,충청북도교육청,8051000,보은교육지원청,43,충청북도,720,보은군,동광초 학림분교,2003,초등학교,자체활용,519,18234,행정과,043-540-5534,충청북도 보은군 보은읍 중동3길 16,충청북도 보은군 보은읍 중동리 9-1,2025-12-01,8000000,충청북도교육청
8000000,충청북도교육청,8031000,제천교육지원청,43,충청북도,150,제천시,금성초 장선분교,1996,초등학교,미활용,378,7279,행정과,043-640-6633,충청북도 제천시 청풍면 인등로 1403-1,충청북도 제천시 청풍면 장선리 98,2025-12-01,8000000,충청북도교육청
8000000,충청북도교육청,8031000,제천교육지원청,43,충청북도,150,제천시,유덕초,1999,초등학교,미활용,1079,10206,행정과,043-640-6633,충청북도 제천시 덕산면 월악로 2235,충청북도 제천시 덕산면 신현리 606,2025-12-01,8000000,충청북도교육청
8000000,충청북도교육청,8031000,제천교육지원청,43,충청북도,150,제천시,한수중,1998,중학교,미활용,1201,11044,행정과,043-640-6633,충청북도 제천시 한수면 미륵송계로6길 42-2,충청북도 제천시 한수면 송계리 309-1,2025-12-01,8000000,충청북도교육청
8490000,전라남도교육청,8511000,여수교육지원청,46,전라남도,130,여수시,여안초여남중안도분교장,2020,중학교,대부,0,641,재정과,061-260-0792,전라남도 여수시 남면 안도해변길 81,전라남도 여수시 남면 안도리 999-3,2025-11-18,8490000,전라남도교육청
8490000,전라남도교육청,8511000,여수교육지원청,46,전라남도,130,여수시,백초초우두분교장,2013,초등학교,대부,1153,7330,재정과,061-260-0792,전라남도 여수시 돌산읍 상하동길 174,전라남도 여수시 돌산읍 우두리 170,2025-11-18,8490000,전라남도교육청
8490000,전라남도교육청,8721000,신안교육지원청,46,전라남도,910,신안군,안좌초등학교자라분교장,2025,초등학교,미활용,760,8970,재정과,061-260-0792,전라남도 신안군 안좌면 자라도길 37,전라남도 신안군 안좌면 자라리 227,2025-11-18,8490000,전라남도교육청
8490000,전라남도교육청,8521000,순천교육지원청,46,전라남도,150,순천시,황전초회덕분교장,2025,초등학교,미활용,705,15012,재정과,061-260-0792,전라남도 순천시 황전면 삽재팔동길 377,전라남도 순천시 황전면 회룡리 756,2025-11-18,8490000,전라남도교육청
8490000,전라남도교육청,8521000,순천교육지원청,46,전라남도,150,순천시,승주초죽학분교장,2024,초등학교,미활용,649,3847,재정과,061-260-0792,전라남도 순천시 주암면 정골길 51,전라남도 순천시 주암면 어왕리 1,2025-11-18,8490000,전라남도교육청
8490000,전라남도교육청,8521000,순천교육지원청,46,전라남도,150,순천시,주암초어왕분교장,2009,초등학교,미활용,979,8266,재정과,061-260-0792,전라남도 순천시 주암면 정골길 51,전라남도 순천시 주암면 어왕리 1,2025-11-18,8490000,전라남도교육청
8490000,전라남도교육청,8521000,순천교육지원청,46,전라남도,150,순천시,별량초마산분교장,2009,초등학교,미활용,0,8149,재정과,061-260-0792,,전라남도 순천시 별량면 마산리 249-1,2025-11-18,8490000,전라남도교육청
8490000,전라남도교육청,8521000,순천교육지원청,46,전라남도,150,순천시,별량남초등학교,2000,초등학교,대부,1600,11203,재정과,061-260-0792,전라남도 순천시 별량면 대곡길 130,전라남도 순천시 별량면 대곡리 742-1,2025-11-18,8490000,전라남도교육청
7801000,강원특별자치도교육청,7952000,양구교육지원청,51,강원특별자치도,800,양구군,양구초 서호분교장,1991,초등학교,대부,0,4810,행정과,033-480-1432,,강원특별자치도 양구군 양구읍 상무룡1리 828,2025-04-29,7801000,강원특별자치도교육청
7801000,강원특별자치도교육청,7942000,화천교육지원청,51,강원특별자치도,790,화천군,화천초 논미분교장,2024,초등학교,자체활용,617.28,70794,행정과,033-440-1532,,강원특별자치도 화천군 하남면 논미리 275-2,2025-04-29,7801000,강원특별자치도교육청
7801000,강원특별자치도교육청,7942000,화천교육지원청,51,강원특별자치도,790,화천군,상승초 노동분교장,2019,초등학교,미활용,1653,45141,행정과,033-440-1532,,강원특별자치도 화천군 상서면 노동리 504-2,2025-04-29,7801000,강원특별자치도교육청
7801000,강원특별자치도교육청,7942000,화천교육지원청,51,강원특별자치도,790,화천군,대붕초,1999,초등학교,자체활용,1620,11542,행정과,033-440-1532,,강원특별자치도 화천군 화천읍 대이리 98-3,2025-04-29,7801000,강원특별자치도교육청
7801000,강원특별자치도교육청,7942000,화천교육지원청,51,강원특별자치도,790,화천군,간척초,1999,초등학교,대부,827,12027,행정과,033-440-1532,,강원특별자치도 화천군 간동면 간척리 474,2025-04-29,7801000,강원특별자치도교육청
7801000,강원특별자치도교육청,7932000,철원교육지원청,51,강원특별자치도,780,철원군,문혜초 대곡분교장,1995,초등학교,미활용,796.8,6946,행정과,033-450-1033,,강원특별자치도 철원군 갈말읍 문혜리 48-1,2025-04-29,7801000,강원특별자치도교육청
7801000,강원특별자치도교육청,7932000,철원교육지원청,51,강원특별자치도,780,철원군,잠곡초,2006,초등학교,대부,714.88,8262,행정과,033-450-1033,,강원특별자치도 철원군 근남면 잠곡리 451-1,2025-04-29,7801000,강원특별자치도교육청
7801000,강원특별자치도교육청,7932000,철원교육지원청,51,강원특별자치도,780,철원군,정연초,2002,초등학교,자체활용,1724.13,15741,행정과,033-450-1033,,강원특별자치도 철원군 갈말읍 정연리 1161,2025-04-29,7801000,강원특별자치도교육청
7801000,강원특별자치도교육청,7922000,정선교육지원청,51,강원특별자치도,770,정선군,여량초 구절분교장,2013,초등학교,미활용,1047.83,7634,행정과,033-560-8132,,강원특별자치도 정선군 여량면 구절리 276-1,2025-04-29,7801000,강원특별자치도교육청
7801000,강원특별자치도교육청,7922000,정선교육지원청,51,강원특별자치도,770,정선군,남평초 문곡분교장,1993,초등학교,미활용,210.03,2585,행정과,033-560-8132,,강원특별자치도 정선군 남면 문곡리 265-1,2025-04-29,7801000,강원특별자치도교육청
7801000,강원특별자치도교육청,7922000,정선교육지원청,51,강원특별자치도,770,정선군,여량초 자개분교장,1991,초등학교,미활용,0,6767,행정과,033-560-8132,,강원특별자치도 정선군 여량면 구절리 377-1,2025-04-29,7801000,강원특별자치도교육청
7801000,강원특별자치도교육청,7922000,정선교육지원청,51,강원특별자치도,770,정선군,봉양초 덕산분교장,1990,초등학교,미활용,0,2741,행정과,033-560-8132,,강원특별자치도 정선군 정선읍 덕우리 27,2025-04-29,7801000,강원특별자치도교육청
7801000,강원특별자치도교육청,7922000,정선교육지원청,51,강원특별자치도,770,정선군,벽탄초 마항분교장,1981,초등학교,대부,0,5061,행정과,033-560-8132,,강원특별자치도 정선군 정선읍 회동리 819,2025-04-29,7801000,강원특별자치도교육청
7801000,강원특별자치도교육청,7922000,정선교육지원청,51,강원특별자치도,770,정선군,함백여고,2014,고등학교,자체활용,0,9813.02,행정과,033-560-8132,,강원특별자치도 정선군 신동읍 조동리 185,2025-04-29,7801000,강원특별자치도교육청
7801000,강원특별자치도교육청,7922000,정선교육지원청,51,강원특별자치도,770,정선군,함백여중,2014,중학교,자체활용,4290.17,14316,행정과,033-560-8132,,강원특별자치도 정선군 신동읍 조동리 185,2025-04-29,7801000,강원특별자치도교육청
7801000,강원특별자치도교육청,7922000,정선교육지원청,51,강원특별자치도,770,정선군,고한여고,2008,고등학교,자체활용,0,8797.78,행정과,033-560-8132,,강원특별자치도 정선군 고한읍 고한리 80,2025-04-29,7801000,강원특별자치도교육청
7801000,강원특별자치도교육청,7922000,정선교육지원청,51,강원특별자치도,770,정선군,고한여중,2008,중학교,자체활용,8969.95,21638,행정과,033-560-8132,,강원특별자치도 정선군 고한읍 고한리 80,2025-04-29,7801000,강원특별자치도교육청
7801000,강원특별자치도교육청,7922000,정선교육지원청,51,강원특별자치도,770,정선군,남선초 광덕분교장,2005,초등학교,미활용,259.26,6975,행정과,033-560-8132,,강원특별자치도 정선군 남면 광덕리 1058,2025-04-29,7801000,강원특별자치도교육청
7801000,강원특별자치도교육청,7922000,정선교육지원청,51,강원특별자치도,770,정선군,예미초 고성분교장,2013,초등학교,자체활용,0,11260,행정과,033-560-8132,,강원특별자치도 정선군 신동읍 고성리 812,2025-04-29,7801000,강원특별자치도교육청
7801000,강원특별자치도교육청,7922000,정선교육지원청,51,강원특별자치도,770,정선군,사음초,2013,초등학교,자체활용,3487.17,11255,행정과,033-560-8132,,강원특별자치도 정선군 사북읍 사북리 270,2025-04-29,7801000,강원특별자치도교육청
7801000,강원특별자치도교육청,7922000,정선교육지원청,51,강원특별자치도,770,정선군,사북여자중학교,2010,중학교,자체활용,0,15947,행정과,033-560-8132,,강원특별자치도 정선군 사북읍 사북리 268-1,2025-04-29,7801000,강원특별자치도교육청
7801000,강원특별자치도교육청,7922000,정선교육지원청,51,강원특별자치도,770,정선군,화동초 북동분교장,2010,초등학교,대부,293.96,2783,행정과,033-560-8132,,강원특별자치도 정선군 화암면 북동리 182,2025-04-29,7801000,강원특별자치도교육청
7801000,강원특별자치도교육청,7922000,정선교육지원청,51,강원특별자치도,770,정선군,임계초 문래분교장,2009,초등학교,미활용,943.93,9534,행정과,033-560-8132,,강원특별자치도 정선군 임계면 문래리 423-1,2025-04-29,7801000,강원특별자치도교육청
7801000,강원특별자치도교육청,7922000,정선교육지원청,51,강원특별자치도,770,정선군,임계초 소란분교장,2003,초등학교,대부,381.75,6749,행정과,033-560-8132,,강원특별자치도 정선군 임계면 송계리 882-8,2025-04-29,7801000,강원특별자치도교육청
7801000,강원특별자치도교육청,7922000,정선교육지원청,51,강원특별자치도,770,정선군,정선중 벽탄분교장,1999,중학교,자체활용,1273.66,1273.66,행정과,033-560-8132,,강원특별자치도 정선군 정선읍 용탄리 697-1,2025-04-29,7801000,강원특별자치도교육청
7801000,강원특별자치도교육청,7922000,정선교육지원청,51,강원특별자치도,770,정선군,봉양초 정덕분교장,1999,초등학교,대부,752.22,10140,행정과,033-560-8132,,강원특별자치도 정선군 정선읍 덕우리 477,2025-04-29,7801000,강원특별자치도교육청
7801000,강원특별자치도교육청,7922000,정선교육지원청,51,강원특별자치도,770,정선군,벽탄초 비룡분교장,1997,초등학교,미활용,233.18,5002,행정과,033-560-8132,,강원특별자치도 정선군 정선읍 용탄리 207,2025-04-29,7801000,강원특별자치도교육청
7801000,강원특별자치도교육청,7922000,정선교육지원청,51,강원특별자치도,770,정선군,임계초 고양분교장,1995,초등학교,대부,0,5257,행정과,033-560-8132,,강원특별자치도 정선군 임계면 고양리 124,2025-04-29,7801000,강원특별자치도교육청
7801000,강원특별자치도교육청,7922000,정선교육지원청,51,강원특별자치도,770,정선군,정선초 귤암분교장,1995,초등학교,대부,0,9368,행정과,033-560-8132,,강원특별자치도 정선군 정선읍 귤암리 171,2025-04-29,7801000,강원특별자치도교육청
7801000,강원특별자치도교육청,7922000,정선교육지원청,51,강원특별자치도,770,정선군,여량초 남곡분교장,1994,초등학교,대부,0,13167,행정과,033-560-8132,,강원특별자치도 정선군 여량면 남곡리 226,2025-04-29,7801000,강원특별자치도교육청
7801000,강원특별자치도교육청,7922000,정선교육지원청,51,강원특별자치도,770,정선군,남선초 자미분교장,1994,초등학교,대부,63,9444,행정과,033-560-8132,,강원특별자치도 정선군 남면 문곡리 265-1,2025-04-29,7801000,강원특별자치도교육청
7801000,강원특별자치도교육청,7922000,정선교육지원청,51,강원특별자치도,770,정선군,벽탄초 행매분교장,1994,초등학교,대부,0,3533,행정과,033-560-8132,,강원특별자치도 정선군 정선읍 용탄리 1284,2025-04-29,7801000,강원특별자치도교육청
7801000,강원특별자치도교육청,7922000,정선교육지원청,51,강원특별자치도,770,정선군,정선초 신월분교장,1994,초등학교,자체활용,0,5108,행정과,033-560-8132,,강원특별자치도 정선군 정선읍 신월리 754-1,2025-04-29,7801000,강원특별자치도교육청
7801000,강원특별자치도교육청,7922000,정선교육지원청,51,강원특별자치도,770,정선군,봉양초 여탄분교장,1992,초등학교,대부,0,1302,행정과,033-560-8132,,강원특별자치도 정선군 정선읍 여탄리 317,2025-04-29,7801000,강원특별자치도교육청
7801000,강원특별자치도교육청,7922000,정선교육지원청,51,강원특별자치도,770,정선군,장열초,1991,초등학교,대부,0,4955,행정과,033-560-8132,,강원특별자치도 정선군 북평면 장열리 247-2,2025-04-29,7801000,강원특별자치도교육청
7801000,강원특별자치도교육청,7922000,정선교육지원청,51,강원특별자치도,770,정선군,정선초 덕송분교장,1991,초등학교,대부,0,5105,행정과,033-560-8132,,강원특별자치도 정선군 정선읍 덕송리 166,2025-04-29,7801000,강원특별자치도교육청
7801000,강원특별자치도교육청,7922000,정선교육지원청,51,강원특별자치도,770,정선군,임계초 성남분교장,1990,초등학교,대부,58.65,3742,행정과,033-560-8132,,강원특별자치도 정선군 임계면 임계리 1300,2025-04-29,7801000,강원특별자치도교육청
7801000,강원특별자치도교육청,7912000,평창교육지원청,51,강원특별자치도,760,평창군,계촌초 대미분교장,2012,초등학교,미활용,265.36,5103,행정과,033-330-1732,,강원특별자치도 평창군 방림면 계촌리 520,2025-04-29,7801000,강원특별자치도교육청
7801000,강원특별자치도교육청,7912000,평창교육지원청,51,강원특별자치도,760,평창군,다수초,1999,초등학교,미활용,828.35,8886,행정과,033-330-1732,,강원특별자치도 평창군 평창읍 다수리 304,2025-04-29,7801000,강원특별자치도교육청
7801000,강원특별자치도교육청,7912000,평창교육지원청,51,강원특별자치도,760,평창군,용전초 도원분교장,1996,초등학교,대부,0,5997,행정과,033-330-1732,,강원특별자치도 평창군 용평면 도사리 210-1,2025-04-29,7801000,강원특별자치도교육청
7801000,강원특별자치도교육청,7912000,평창교육지원청,51,강원특별자치도,760,평창군,계촌초 방의분교장,1994,초등학교,미활용,0,6044,행정과,033-330-1732,,강원특별자치도 평창군 방림면 계촌리 2290,2025-04-29,7801000,강원특별자치도교육청
7801000,강원특별자치도교육청,7912000,평창교육지원청,51,강원특별자치도,760,평창군,수항초,1997,초등학교,미활용,0,4163,행정과,033-330-1732,,강원특별자치도 평창군 진부면 수항리 278-3,2025-04-29,7801000,강원특별자치도교육청
7801000,강원특별자치도교육청,7912000,평창교육지원청,51,강원특별자치도,760,평창군,가평초,2020,초등학교,대부,969.25,3437,행정과,033-330-1732,,강원특별자치도 평창군 대화면 하안미리 417,2025-04-29,7801000,강원특별자치도교육청
7801000,강원특별자치도교육청,7912000,평창교육지원청,51,강원특별자치도,760,평창군,평창초 도돈분교장,1999,초등학교,대부,846.95,14672,행정과,033-330-1732,,강원특별자치도 평창군 평창읍 도돈리 35,2025-04-29,7801000,강원특별자치도교육청
7801000,강원특별자치도교육청,7912000,평창교육지원청,51,강원특별자치도,760,평창군,두일초,2009,초등학교,대부,855,8895,행정과,033-330-1732,,강원특별자치도 평창군 진부면 두일리 144-2,2025-04-29,7801000,강원특별자치도교육청
7801000,강원특별자치도교육청,7912000,평창교육지원청,51,강원특별자치도,760,평창군,안미초 선애분교장,2005,초등학교,대부,410.05,15548,행정과,033-330-1732,,강원특별자치도 평창군 대화면 상안미리 888-1,2025-04-29,7801000,강원특별자치도교육청
7801000,강원특별자치도교육청,7912000,평창교육지원청,51,강원특별자치도,760,평창군,약수초,2016,초등학교,대부,988,9689,행정과,033-330-1732,,강원특별자치도 평창군 평창읍 약수리 160,2025-04-29,7801000,강원특별자치도교육청
7801000,강원특별자치도교육청,7912000,평창교육지원청,51,강원특별자치도,760,평창군,대화초 개수분교장,1999,초등학교,대부,552.42,18906,행정과,033-330-1732,,강원특별자치도 평창군 대화면 개수리 742-1,2025-04-29,7801000,강원특별자치도교육청
7801000,강원특별자치도교육청,7912000,평창교육지원청,51,강원특별자치도,760,평창군,속사초 계방분교장,1998,초등학교,자체활용,370.92,3967,행정과,033-330-1732,,강원특별자치도 평창군 용평면 노동리 320-10,2025-04-29,7801000,강원특별자치도교육청
7801000,강원특별자치도교육청,7912000,평창교육지원청,51,강원특별자치도,760,평창군,등매초 유포분교장,1997,초등학교,대부,338.02,6069,행정과,033-330-1732,,강원특별자치도 평창군 봉평면 유포리 597-5,2025-04-29,7801000,강원특별자치도교육청
7801000,강원특별자치도교육청,7912000,평창교육지원청,51,강원특별자치도,760,평창군,무이초 흥정분교장,1996,초등학교,대부,103.18,9003,행정과,033-330-1732,,강원특별자치도 평창군 봉평면 흥정리 356,2025-04-29,7801000,강원특별자치도교육청
7801000,강원특별자치도교육청,7912000,평창교육지원청,51,강원특별자치도,760,평창군,기화초 한탄분교장,1994,초등학교,대부,0,9247,행정과,033-330-1732,,강원특별자치도 평창군 미탄면 한탄리 231,2025-04-29,7801000,강원특별자치도교육청
7801000,강원특별자치도교육청,7902000,영월교육지원청,51,강원특별자치도,750,영월군,영월초 연하분교,2023,초등학교,미활용,823.25,13026,행정과,033-370-1233,,강원특별자치도 영월군 영월읍 연하리 513-1,2025-04-29,7801000,강원특별자치도교육청
7801000,강원특별자치도교육청,7902000,영월교육지원청,51,강원특별자치도,750,영월군,신천중,2022,중학교,미활용,1131.24,12889,행정과,033-370-1233,,강원특별자치도 영월군 한반도면 신천리 615-2,2025-04-29,7801000,강원특별자치도교육청
7801000,강원특별자치도교육청,7902000,영월교육지원청,51,강원특별자치도,750,영월군,연상초 화라분교장,1994,초등학교,미활용,0,4360,행정과,033-370-1233,,강원특별자치도 영월군 산솔면 화원리 441-1,2025-04-29,7801000,강원특별자치도교육청
7801000,강원특별자치도교육청,7902000,영월교육지원청,51,강원특별자치도,750,영월군,문곡초 덕상분교장,1996,초등학교,미활용,258.3,7946,행정과,033-370-1233,,강원특별자치도 영월군 북면 덕상리 275-2,2025-04-29,7801000,강원특별자치도교육청
7801000,강원특별자치도교육청,7902000,영월교육지원청,51,강원특별자치도,750,영월군,쌍룡초 토교분교장,2021,초등학교,미활용,1148.87,9255,행정과,033-370-1233,,강원특별자치도 영월군 남면 토교리 496-1,2025-04-29,7801000,강원특별자치도교육청
7801000,강원특별자치도교육청,7902000,영월교육지원청,51,강원특별자치도,750,영월군,영월초 연상분교장,2019,초등학교,미활용,1272.58,10678,행정과,033-370-1233,,강원특별자치도 영월군 산솔면 연상리 70-1,2025-04-29,7801000,강원특별자치도교육청
7801000,강원특별자치도교육청,7902000,영월교육지원청,51,강원특별자치도,750,영월군,마차초 공기분교장,2020,초등학교,미활용,572.92,6532,행정과,033-370-1233,,강원특별자치도 영월군 북면 공기리 799,2025-04-29,7801000,강원특별자치도교육청
7801000,강원특별자치도교육청,7902000,영월교육지원청,51,강원특별자치도,750,영월군,쌍룡초 후탄분교장,1994,초등학교,미활용,0,5912,행정과,033-370-1233,,강원특별자치도 영월군 한반도면 후탄리 911,2025-04-29,7801000,강원특별자치도교육청
7801000,강원특별자치도교육청,7902000,영월교육지원청,51,강원특별자치도,750,영월군,봉래초 거운분교장,2022,초등학교,대부,510.69,5446,행정과,033-370-1233,,강원특별자치도 영월군 영월읍 거운리 529-8,2025-04-29,7801000,강원특별자치도교육청
7801000,강원특별자치도교육청,7902000,영월교육지원청,51,강원특별자치도,750,영월군,판운초 중선분교장,1998,초등학교,대부,373.74,7652,행정과,033-370-1233,,강원특별자치도 영월군 주천면  판운리 1119,2025-04-29,7801000,강원특별자치도교육청
7801000,강원특별자치도교육청,7902000,영월교육지원청,51,강원특별자치도,750,영월군,영월초 팔괴분교장,1997,초등학교,대부,175,6691,행정과,033-370-1233,,강원특별자치도 영월군 영월읍  팔괴리 324-1,2025-04-29,7801000,강원특별자치도교육청
7801000,강원특별자치도교육청,7902000,영월교육지원청,51,강원특별자치도,750,영월군,주천초 결운분교장,1995,초등학교,대부,291.08,7645,행정과,033-370-1233,,강원특별자치도 영월군 주천면  금마리 550-3,2025-04-29,7801000,강원특별자치도교육청
7801000,강원특별자치도교육청,7902000,영월교육지원청,51,강원특별자치도,750,영월군,창원초,1994,초등학교,대부,0,56426,행정과,033-370-1233,,강원특별자치도 영월군 남면  창원리 887-5,2025-04-29,7801000,강원특별자치도교육청
7801000,강원특별자치도교육청,7902000,영월교육지원청,51,강원특별자치도,750,영월군,옥동초 각동분교장,1993,초등학교,대부,829.83,11260,행정과,033-370-1233,,강원특별자치도 영월군 김삿갓면  각동리 18-1,2025-04-29,7801000,강원특별자치도교육청
7801000,강원특별자치도교육청,7902000,영월교육지원청,51,강원특별자치도,750,영월군,옥동초 대야분교장,1993,초등학교,대부,344.26,7292,행정과,033-370-1233,,강원특별자치도 영월군 김삿갓면  대야리 764,2025-04-29,7801000,강원특별자치도교육청
7801000,강원특별자치도교육청,7892000,횡성교육지원청,51,강원특별자치도,730,횡성군,둔내초 영호분교장,2008,초등학교,미활용,346.32,14267,행정과,033-340-0736,,강원특별자치도 횡성군 둔내면 영랑리 363,2025-04-29,7801000,강원특별자치도교육청
7801000,강원특별자치도교육청,7892000,횡성교육지원청,51,강원특별자치도,730,횡성군,상창초 신흥분교장,1995,초등학교,미활용,381.86,6069,행정과,033-340-0736,,강원특별자치도 횡성군 공근면 어둔리 171-1,2025-04-29,7801000,강원특별자치도교육청
7801000,강원특별자치도교육청,7892000,횡성교육지원청,51,강원특별자치도,730,횡성군,둔내초 덕성분교장,2016,초등학교,미활용,1011.46,13263,행정과,033-340-0736,,강원특별자치도 횡성군 둔내면 화동리 504-1,2025-04-29,7801000,강원특별자치도교육청
7801000,강원특별자치도교육청,7892000,횡성교육지원청,51,강원특별자치도,730,횡성군,갑천초 금성분교장,2018,초등학교,미활용,447.07,9302,행정과,033-340-0736,,강원특별자치도 횡성군 갑천면 하대리 44,2025-04-29,7801000,강원특별자치도교육청
7801000,강원특별자치도교육청,7892000,횡성교육지원청,51,강원특별자치도,730,횡성군,횡성초 당평분교장,2016,초등학교,대부,861.41,17841,행정과,033-340-0736,,강원특별자치도 횡성군 갑천면 추동리 70-14,2025-04-29,7801000,강원특별자치도교육청
7801000,강원특별자치도교육청,7892000,횡성교육지원청,51,강원특별자치도,730,횡성군,공근초 광덕분교장,2012,초등학교,대부,663.36,6995,행정과,033-340-0736,,강원특별자치도 횡성군 공근면 초원리 134-1,2025-04-29,7801000,강원특별자치도교육청
7801000,강원특별자치도교육청,7892000,횡성교육지원청,51,강원특별자치도,730,횡성군,강림초 부곡분교장,2011,초등학교,대부,488.74,8607,행정과,033-340-0736,,강원특별자치도 횡성군 강림면 부곡리 617,2025-04-29,7801000,강원특별자치도교육청
7801000,강원특별자치도교육청,7892000,횡성교육지원청,51,강원특별자치도,730,횡성군,용둔초,1996,초등학교,대부,706.62,8925,행정과,033-340-0736,,강원특별자치도 횡성군 우천면 용둔리 75-2,2025-04-29,7801000,강원특별자치도교육청
7801000,강원특별자치도교육청,7892000,횡성교육지원청,51,강원특별자치도,730,횡성군,유현초 금대분교장,2002,초등학교,대부,386.03,15359,행정과,033-340-0736,,강원특별자치도 횡성군 서원면 금대리 204-10,2025-04-29,7801000,강원특별자치도교육청
7801000,강원특별자치도교육청,7892000,횡성교육지원청,51,강원특별자치도,730,횡성군,봉덕초,2005,초등학교,대부,1087.79,15006,행정과,033-340-0736,,강원특별자치도 횡성군 청일면 갑천리 360,2025-04-29,7801000,강원특별자치도교육청
7801000,강원특별자치도교육청,7892000,횡성교육지원청,51,강원특별자치도,730,횡성군,둔내초 조항분교장,1999,초등학교,대부,339.14,9370,행정과,033-340-0736,,강원특별자치도 횡성군 둔내면 조항리 554-5,2025-04-29,7801000,강원특별자치도교육청
7801000,강원특별자치도교육청,7892000,횡성교육지원청,51,강원특별자치도,730,횡성군,강림초 월현분교장,1995,초등학교,대부,624.75,6781,행정과,033-340-0736,,강원특별자치도 횡성군 강림면 월현리 1314,2025-04-29,7801000,강원특별자치도교육청
7801000,강원특별자치도교육청,7892000,횡성교육지원청,51,강원특별자치도,730,횡성군,가천초,1994,초등학교,대부,386.44,9827,행정과,033-340-0736,,강원특별자치도 횡성군 강림면 강림리 212,2025-04-29,7801000,강원특별자치도교육청
7801000,강원특별자치도교육청,7892000,횡성교육지원청,51,강원특별자치도,730,횡성군,서원초 옥인분교장,1994,초등학교,대부,408.68,8096,행정과,033-340-0736,,강원특별자치도 횡성군 서원면 옥계리 488,2025-04-29,7801000,강원특별자치도교육청
7801000,강원특별자치도교육청,7892000,횡성교육지원청,51,강원특별자치도,730,횡성군,현천초,1999,초등학교,자체활용,0,15127,행정과,033-340-0736,,강원특별자치도 횡성군 둔내면 현천리 1103,2025-04-29,7801000,강원특별자치도교육청
7801000,강원특별자치도교육청,7882000,홍천교육지원청,51,강원특별자치도,720,홍천군,속초초 월운분교장,2022,초등학교,대부,1231.88,10250,행정과,033-430-1175,,강원특별자치도 홍천군 영귀미면 월운리 334-4,2025-04-29,7801000,강원특별자치도교육청
7801000,강원특별자치도교육청,7882000,홍천교육지원청,51,강원특별자치도,720,홍천군,두촌초 원동분교장,1996,초등학교,대부,510.86,4128,행정과,033-430-1175,,강원특별자치도 홍천군 두촌면 원동리 212,2025-04-29,7801000,강원특별자치도교육청
7530000,경기도교육청,7721000,가평교육지원청,41,경기도,820,가평군,목동초백둔분교장,1995,초등학교,대부,0,14552,행정과,031-580-5132,,경기도 가평군 북면 백둔리 371-2,2025-12-01,7530000,경기도교육청
7530000,경기도교육청,7721000,가평교육지원청,41,경기도,820,가평군,목동초화악분교장,1994,초등학교,대부,1275,7558,행정과,031-580-5132,경기도 가평군 북면 화악지암길 43-26,경기도 가평군 북면 화악리 564-1,2025-12-01,7530000,경기도교육청
7530000,경기도교육청,7721000,가평교육지원청,41,경기도,820,가평군,청평초양진분교장,1994,초등학교,미활용,639,2165,행정과,031-580-5132,경기도 가평군 청평면 호반로 882,경기도 가평군 청평면 고성리 777-2,2025-12-01,7530000,경기도교육청
7530000,경기도교육청,7721000,가평교육지원청,41,경기도,820,가평군,상색초두밀분교장,1994,초등학교,대부,1014,4103,행정과,031-580-5132,경기도 가평군 가평읍 태봉두밀로 388,경기도 가평군 가평읍 두밀리 11-2,2025-12-01,7530000,경기도교육청
7530000,경기도교육청,7721000,가평교육지원청,41,경기도,820,가평군,목동초광악분교장,1993,초등학교,대부,520,7362,행정과,031-580-5132,경기도 가평군 북면 노씨터길 12,경기도 가평군 북면 화악리 845,2025-12-01,7530000,경기도교육청
7530000,경기도교육청,7711000,포천교육지원청,41,경기도,650,포천시,구.중리초,2025,초등학교,미활용,1781,11925,행정과,031-539-0033,경기도 포천시 관인면 한탄강2로 125-32,경기도 포천시 관인면 중리 209-2,2025-12-01,7530000,경기도교육청
7530000,경기도교육청,7711000,포천교육지원청,41,경기도,650,포천시,금주초,2022,초등학교,미활용,2209,15570,행정과,031-539-0033,경기도 포천시 영중면 궁들길 50,경기도 포천시 영중면 금주리 522-1,2025-12-01,7530000,경기도교육청
7530000,경기도교육청,7711000,포천교육지원청,41,경기도,650,포천시,영평초,2022,초등학교,대부,2663,49937,행정과,031-539-0033,경기도 포천시 영중면 전영로1429번길 5,경기도 포천시 영중면 영평리 240,2025-12-01,7530000,경기도교육청
7530000,경기도교육청,7711000,포천교육지원청,41,경기도,650,포천시,영중초,2022,초등학교,미활용,3247,16513,행정과,031-539-0033,경기도 포천시 영중면 호국로 3054,경기도 포천시 영중면 성동리 891-3,2025-12-01,7530000,경기도교육청
7530000,경기도교육청,7711000,포천교육지원청,41,경기도,650,포천시,냉정초,1990,초등학교,대부,3007,10762,행정과,031-539-0033,경기도 포천시 관인면 찬우물길 201-47,경기도 포천시 관인면 냉정리 339,2025-12-01,7530000,경기도교육청
7530000,경기도교육청,7711000,포천교육지원청,41,경기도,650,포천시,영북초보광분교장,1995,초등학교,미활용,353,12834,행정과,031-539-0033,경기도 포천시 영북면 호국로3552번길 21-15,경기도 포천시 영북면 야미리 276,2025-12-01,7530000,경기도교육청
7530000,경기도교육청,7711000,포천교육지원청,41,경기도,650,포천시,보장초,2015,초등학교,대부,1751,10152,행정과,031-539-0033,경기도 포천시 창수면 창동로 115,경기도 포천시 창수면 오가리 424,2025-12-01,7530000,경기도교육청
7530000,경기도교육청,7711000,포천교육지원청,41,경기도,650,포천시,관인초사정분교장,1992,초등학교,대부,650,9787,행정과,031-539-0033,경기도 포천시 관인면 북원로 371-115,경기도 포천시 관인면 사정리 136-1,2025-12-01,7530000,경기도교육청
7530000,경기도교육청,7711000,포천교육지원청,41,경기도,650,포천시,삼정초금동분교장,1990,초등학교,대부,0,7538,행정과,031-539-0033,경기도 포천시 신북면 탑신로 1148,경기도 포천시 신북면 금동리 247-1,2025-12-01,7530000,경기도교육청
7530000,경기도교육청,7701000,연천교육지원청,41,경기도,800,연천군,구.대광중,2020,중학교,대부,2939,33545,행정과,031-839-0226,경기도 연천군 신서면 구시울길 23,경기도 연천군 신서면 도신리 228,2025-12-01,7530000,경기도교육청
7530000,경기도교육청,7701000,연천교육지원청,41,경기도,800,연천군,전곡초적동분교장,2018,초등학교,자체활용,745,8869,행정과,031-839-0226,경기도 연천군 전곡읍 첫마을길 17,경기도 연천군 전곡읍 늘목리 111-2,2025-12-01,7530000,경기도교육청
7530000,경기도교육청,7701000,연천교육지원청,41,경기도,800,연천군,구.군남초,2001,초등학교,대부,2150,12920,행정과,031-839-0226,경기도 연천군 군남면 군남로 373,경기도 연천군 군남면 삼거리 597,2025-12-01,7530000,경기도교육청
7530000,경기도교육청,7701000,연천교육지원청,41,경기도,800,연천군,연천왕산초마전분교장(B),2008,초등학교,대부,413,12878,행정과,031-839-0226,경기도 연천군 미산면 유노로 164,경기도 연천군 미산면 유촌리 625,2025-12-01,7530000,경기도교육청
7530000,경기도교육청,7701000,연천교육지원청,41,경기도,800,연천군,백학초고랑포분교장,2002,초등학교,대부,1031,12979,행정과,031-839-0226,경기도 연천군 장남면 원당로87번길 34,경기도 연천군 장남면 원당리 678,2025-12-01,7530000,경기도교육청
7530000,경기도교육청,7701000,연천교육지원청,41,경기도,800,연천군,옥계초,2000,초등학교,대부,1246,8114,행정과,031-839-0226,경기도 연천군 군남면 옥계안길 24-43,경기도 연천군 군남면 옥계리 475-4,2025-12-01,7530000,경기도교육청
7530000,경기도교육청,7701000,연천교육지원청,41,경기도,800,연천군,군남초북삼분교장,1991,초등학교,대부,259,4863,행정과,031-839-0226,경기도 연천군 왕징면 북삼로 98,경기도 연천군 왕징면 북삼리 160-4,2025-12-01,7530000,경기도교육청
7530000,경기도교육청,7701000,연천교육지원청,41,경기도,800,연천군,전곡초양원분교장,1991,초등학교,대부,551,11283,행정과,031-839-0226,경기도 연천군 전곡읍 양원로46번길 20,경기도 연천군 전곡읍 양원리 560,2025-12-01,7530000,경기도교육청
7530000,경기도교육청,7701000,연천교육지원청,41,경기도,800,연천군,연천초고문분교장,2017,초등학교,미활용,807,8937,행정과,031-839-0226,경기도 연천군 연천읍 현문로 459,경기도 연천군 연천읍 고문리 259-1,2025-12-01,7530000,경기도교육청
7530000,경기도교육청,7701000,연천교육지원청,41,경기도,800,연천군,연천왕산초동중분교장,1991,초등학교,대부,0,7479,행정과,031-839-0226,경기도 연천군 왕징면 왕산로 816,경기도 연천군 왕징면 동중리 461-1,2025-12-01,7530000,경기도교육청
7530000,경기도교육청,7701000,연천교육지원청,41,경기도,800,연천군,연천왕산초마전분교장(A),1991,초등학교,대부,517,6033,행정과,031-839-0226,경기도 연천군 미산면 마동로 59,경기도 연천군 미산면 동이리 596-1,2025-12-01,7530000,경기도교육청
7530000,경기도교육청,7681000,파주교육지원청,41,경기도,480,파주시,적성초,1998,초등학교,자체활용,1443,14716,미래통일교육센터,031-910-6906,경기도 파주시 적성면 달빛길 54,경기도 파주시 적성면 가월리 114-5,2025-12-01,7530000,경기도교육청
8140000,충청남도교육청,8222000,충청남도논산계룡교육지원청,44,충청남도,230,논산시,황화초등학교,2022,초등학교,대부,2644.29,38928,경리팀,041-730-1785,충청남도 논산시 연무읍 마봉로 31-4,충청남도 논산시 연무읍 고내리 1390,2025-12-18,8222000,충청남도교육청 충청남도논산계룡교육지원청
8140000,충청남도교육청,8222000,충청남도논산계룡교육지원청,44,충청남도,230,논산시,대명초등학교,2022,초등학교,미활용,2210.8,16847,경리팀,041-730-1785,충청남도 논산시 상월면 상월로 260,충청남도 논산시 상월면 대촌리 268,2025-12-18,8222000,충청남도교육청 충청남도논산계룡교육지원청
8140000,충청남도교육청,8222000,충청남도논산계룡교육지원청,44,충청남도,230,논산시,함산초등학교,2002,초등학교,대부,1252.77,22294,경리팀,041-730-1785,충청남도 논산시 가야곡면 덕은로 365,충청남도 논산시 가야곡면 산노리 508-4,2025-12-18,8222000,충청남도교육청 충청남도논산계룡교육지원청
8140000,충청남도교육청,8222000,충청남도논산계룡교육지원청,44,충청남도,230,논산시,부적초부남분교,2007,초등학교,대부,967.6,9431,경리팀,041-730-1785,충청남도 논산시 부적면 금성길 40,충청남도 논산시 부적면 탑정리 256-3,2025-12-18,8222000,충청남도교육청 충청남도논산계룡교육지원청
8140000,충청남도교육청,8222000,충청남도논산계룡교육지원청,44,충청남도,230,논산시,양촌초장원분교,1997,초등학교,대부,1055.81,9444,경리팀,041-730-1785,충청남도 논산시 양촌면 대둔로 199,충청남도 논산시 양촌면 산직리 566-2,2025-12-18,8222000,충청남도교육청 충청남도논산계룡교육지원청
8140000,충청남도교육청,8222000,충청남도논산계룡교육지원청,44,충청남도,230,논산시,호암초삼동분교,1994,초등학교,대부,693.33,7070,경리팀,041-730-1785,충청남도 논산시 노성면 화곡길 21,충청남도 논산시 노성면 노티리 205-1,2025-12-18,8222000,충청남도교육청 충청남도논산계룡교육지원청
8140000,충청남도교육청,8222000,충청남도논산계룡교육지원청,44,충청남도,230,논산시,호암초등학교,2012,초등학교,대부,2074.38,14324,경리팀,041-730-1785,충청남도 논산시 노성면 호월로 113번길 6,충청남도 논산시 노성면 호암리 312,2025-12-18,8222000,충청남도교육청 충청남도논산계룡교육지원청
8140000,충청남도교육청,8161000,충청남도공주교육지원청,44,충청남도,150,공주시,복룡초등학교,2007,초등학교,미활용,1253,10962,행정과,041-850-2364,충청남도 공주시 이인면 구부내로 43,,2025-12-18,8161000,충청남도교육청 충청남도공주교육지원청
8140000,충청남도교육청,8161000,충청남도공주교육지원청,44,충청남도,150,공주시,우성초등학교 봉현분교,1999,초등학교,자체활용,0,10666,행정과,041-850-2364,충청남도 공주시 우성면 용봉입동로 524,,2025-12-18,8161000,충청남도교육청 충청남도공주교육지원청
8140000,충청남도교육청,8161000,충청남도공주교육지원청,44,충청남도,150,공주시,장기초등학교 송선분교,1998,초등학교,자체활용,2134,11531,행정과,041-850-2364,충청남도 공주시 동현길 17,,2025-12-18,8161000,충청남도교육청 충청남도공주교육지원청
8140000,충청남도교육청,8161000,충청남도공주교육지원청,44,충청남도,150,공주시,반포초등학교 마암분교,1991,초등학교,자체활용,10512,9354,행정과,041-850-2364,충청남도 공주시 반포면 금벽로 1351-15,,2025-12-18,8161000,충청남도교육청 충청남도공주교육지원청
8140000,충청남도교육청,8151000,충청남도천안교육지원청,44,충청남도,565,천안시 동남구,은석초등학교 천북분교,2000,초등학교,대부,1195,11935,재무과,041-529-0661,충청남도 천안시 동남구 위례성로 1113,충청남도 천안시 동남구 북면 납안리 86,2025-12-19,8151000,충청남도교육청 충청남도천안교육지원청
8140000,충청남도교육청,8151000,충청남도천안교육지원청,44,충청남도,565,천안시 동남구,병천초등학교 봉성분교,2007,초등학교,미활용,877.5,10290,재무과,041-529-0661,충청남도 천안시 동남구 봉항로 569,충청남도 천안시 동남구 병천면 매성리 253,2025-12-19,8151000,충청남도교육청 충청남도천안교육지원청
7530000,경기도교육청,7721000,가평교육지원청,41,경기도,820,가평군,목동초도대분교장,1995,초등학교,미활용,732,7187,행정과,031-580-5132,경기도 가평군 북면 대촌들길 61,경기도 가평군 북면 도대리 139-4,2025-12-01,7530000,경기도교육청
7530000,경기도교육청,7721000,가평교육지원청,41,경기도,820,가평군,청평초회곡분교장,1994,초등학교,미활용,1230,5391,행정과,031-580-5132,경기도 가평군 설악면 유명로 2285,경기도 가평군 설악면 회곡리 528,2025-12-01,7530000,경기도교육청
7530000,경기도교육청,7721000,가평교육지원청,41,경기도,820,가평군,구.목동초,1999,초등학교,대부,1734,11943,행정과,031-580-5132,경기도 가평군 북면 가화로 1059,경기도 가평군 북면 목동리 919,2025-12-01,7530000,경기도교육청
7530000,경기도교육청,7721000,가평교육지원청,41,경기도,820,가평군,미원초엄소분교장,2000,초등학교,대부,211,1930,행정과,031-580-5132,경기도 가평군 설악면 묵안로 181,경기도 가평군 설악면 엄소리 234-30,2025-12-01,7530000,경기도교육청
7530000,경기도교육청,7721000,가평교육지원청,41,경기도,820,가평군,조종초운악분교장,1999,초등학교,대부,900,9193,행정과,031-580-5132,경기도 가평군 조종면 명지산로 83,경기도 가평군 조종면 운악리 214-6,2025-12-01,7530000,경기도교육청
7801000,강원특별자치도교육청,7932000,철원교육지원청,51,강원특별자치도,780,철원군,강포초,2012,초등학교,대부,1237,9953,행정과,033-450-1033,,강원특별자치도 철원군 갈말읍   강포리 81-4,2025-04-29,7801000,강원특별자치도교육청
7801000,강원특별자치도교육청,7872000,삼척교육지원청,51,강원특별자치도,230,삼척시,노곡초 여삼분교장,1995,초등학교,대부,0,6083,행정과,033-570-5175,,강원특별자치도 삼척시 노곡면  여삼리 193-5,2025-04-29,7801000,강원특별자치도교육청
7801000,강원특별자치도교육청,7872000,삼척교육지원청,51,강원특별자치도,230,삼척시,맹방초 금계분교장,1995,초등학교,대부,276.32,3091,행정과,033-570-5175,,강원특별자치도 삼척시 근덕면  금계리 193,2025-04-29,7801000,강원특별자치도교육청
7801000,강원특별자치도교육청,7872000,삼척교육지원청,51,강원특별자치도,230,삼척시,궁촌초 양지분교장,1994,초등학교,대부,406.93,6353,행정과,033-570-5175,,강원특별자치도 삼척시 근덕면  궁촌리 23,2025-04-29,7801000,강원특별자치도교육청
7801000,강원특별자치도교육청,7872000,삼척교육지원청,51,강원특별자치도,230,삼척시,마읍초 주지분교장,1992,초등학교,대부,0,1700.7,행정과,033-570-5175,,강원특별자치도 삼척시 노곡면  주지리 180,2025-04-29,7801000,강원특별자치도교육청
7801000,강원특별자치도교육청,7852000,태백교육지원청,51,강원특별자치도,190,태백시,장성여중,2021,중학교,자체활용,5275.53,15007,행정과,033-580-5532,,강원특별자치도 태백시 장성동 62-1,2025-04-29,7801000,강원특별자치도교육청
7801000,강원특별자치도교육청,7852000,태백교육지원청,51,강원특별자치도,190,태백시,화전초,2015,초등학교,대부,976.54,8129,행정과,033-580-5532,,강원특별자치도 태백시 화전동 167-2,2025-04-29,7801000,강원특별자치도교육청
7801000,강원특별자치도교육청,7852000,태백교육지원청,51,강원특별자치도,190,태백시,철암초 백산분교장,2008,초등학교,대부,324.45,6112,행정과,033-580-5532,,강원특별자치도 태백시 백산동 89,2025-04-29,7801000,강원특별자치도교육청
7801000,강원특별자치도교육청,7863000,속초양양교육지원청,51,강원특별자치도,830,양양군,남천초,2008,초등학교,미활용,986.37,58061.79,행정과,033-639-6083,,강원특별자치도 양양군 현북면 도리19,2025-04-29,7801000,강원특별자치도교육청
7801000,강원특별자치도교육청,7863000,속초양양교육지원청,51,강원특별자치도,830,양양군,양양여고,2019,고등학교,자체활용,0,10566.93,행정과,033-639-6083,,강원특별자치도 양양군 양양읍 서문리 224,2025-04-29,7801000,강원특별자치도교육청
7801000,강원특별자치도교육청,7863000,속초양양교육지원청,51,강원특별자치도,830,양양군,양양여중,2019,중학교,자체활용,10566.93,14562,행정과,033-639-6083,,강원특별자치도 양양군 양양읍 서문리 224,2025-04-29,7801000,강원특별자치도교육청
7801000,강원특별자치도교육청,7863000,속초양양교육지원청,51,강원특별자치도,830,양양군,조산초 적은분교장,1999,초등학교,미활용,542.7,7092,행정과,033-639-6083,,강원특별자치도 양양군 강현면 적은리 84,2025-04-29,7801000,강원특별자치도교육청
7801000,강원특별자치도교육청,7863000,속초양양교육지원청,51,강원특별자치도,830,양양군,현성초 면옥치분교장,1997,초등학교,미활용,318.17,4669,행정과,033-639-6083,,강원특별자치도 양양군 현북면 면옥치리 141,2025-04-29,7801000,강원특별자치도교육청
7801000,강원특별자치도교육청,7832000,강릉교육지원청,51,강원특별자치도,150,강릉시,신왕초 부연분교장,2007,초등학교,미활용,273.84,2909,행정과,033-640-3366,,강원특별자치도 강릉시 연곡면 삼산리 1279,2025-04-29,7801000,강원특별자치도교육청
7801000,강원특별자치도교육청,7832000,강릉교육지원청,51,강원특별자치도,150,강릉시,연곡초 삼산분교장,1999,초등학교,미활용,791.78,8795,행정과,033-640-3366,,강원특별자치도 강릉시 연곡면 삼산리 739,2025-04-29,7801000,강원특별자치도교육청
7801000,강원특별자치도교육청,7832000,강릉교육지원청,51,강원특별자치도,150,강릉시,사천초 사기막분교장,1996,초등학교,미활용,372.38,10841,행정과,033-640-3366,,강원특별자치도 강릉시 사천면 사기막리 534-2,2025-04-29,7801000,강원특별자치도교육청
7801000,강원특별자치도교육청,7832000,강릉교육지원청,51,강원특별자치도,150,강릉시,옥계초 남양분교장,2011,초등학교,미활용,892,114967,행정과,033-640-3366,,강원특별자치도 강릉시 옥계면 남양리 528,2025-04-29,7801000,강원특별자치도교육청
7801000,강원특별자치도교육청,7832000,강릉교육지원청,51,강원특별자치도,150,강릉시,왕산초 고단분교장,2010,초등학교,대부,771,38804,행정과,033-640-3366,,강원특별자치도 강릉시 왕산면 고단리 32-18,2025-04-29,7801000,강원특별자치도교육청
7801000,강원특별자치도교육청,7832000,강릉교육지원청,51,강원특별자치도,150,강릉시,성덕초 병산분교장,2004,초등학교,자체활용,1025.54,14035,행정과,033-640-3366,,강원특별자치도 강릉시 병산동 445-5,2025-04-29,7801000,강원특별자치도교육청
7801000,강원특별자치도교육청,7832000,강릉교육지원청,51,강원특별자치도,150,강릉시,연곡초 퇴곡분교장,2000,초등학교,대부,838.65,611654,행정과,033-640-3366,,강원특별자치도 강릉시 연곡면 퇴곡리 225,2025-04-29,7801000,강원특별자치도교육청
7801000,강원특별자치도교육청,7832000,강릉교육지원청,51,강원특별자치도,150,강릉시,제비초,1999,초등학교,대부,889.5,198643,행정과,033-640-3366,,강원특별자치도 강릉시 구정면 제비리 504,2025-04-29,7801000,강원특별자치도교육청
7801000,강원특별자치도교육청,7832000,강릉교육지원청,51,강원특별자치도,150,강릉시,성산초 보광분교장,1998,초등학교,대부,466.65,115445,행정과,033-640-3366,,강원특별자치도 강릉시 성산면 보광리 308,2025-04-29,7801000,강원특별자치도교육청
7801000,강원특별자치도교육청,7832000,강릉교육지원청,51,강원특별자치도,150,강릉시,삼산초 소금강분교장,1995,초등학교,미활용,329.88,8011,행정과,033-640-3366,,강원특별자치도 강릉시 연곡면 삼산리 375,2025-04-29,7801000,강원특별자치도교육청
7801000,강원특별자치도교육청,7832000,강릉교육지원청,51,강원특별자치도,150,강릉시,옥계초 산계분교장,1995,초등학교,대부,598.23,7974,행정과,033-640-3366,,강원특별자치도 강릉시 옥계면 산계리 816-1,2025-04-29,7801000,강원특별자치도교육청
7801000,강원특별자치도교육청,7832000,강릉교육지원청,51,강원특별자치도,150,강릉시,옥계초 북동분교장,1995,초등학교,대부,785.98,14941,행정과,033-640-3366,,강원특별자치도 강릉시 옥계면  북동리 18,2025-04-29,7801000,강원특별자치도교육청
7801000,강원특별자치도교육청,7832000,강릉교육지원청,51,강원특별자치도,150,강릉시,삼덕초 삼교분교장,1994,초등학교,대부,368.3,7212,행정과,033-640-3366,,강원특별자치도 강릉시 주문진읍 삼교리 126,2025-04-29,7801000,강원특별자치도교육청
7801000,강원특별자치도교육청,7832000,강릉교육지원청,51,강원특별자치도,150,강릉시,왕산초 송현분교장,1993,초등학교,대부,83.44,7409,행정과,033-640-3366,,강원특별자치도 강릉시 왕산면 송현리 138-1,2025-04-29,7801000,강원특별자치도교육청
7801000,강원특별자치도교육청,7822000,원주교육지원청,51,강원특별자치도,130,원주시,반계초 대둔분교장,1999,초등학교,미활용,558,5742,행정과,033-760-5740,,강원특별자치도 원주시 문막읍 대둔리 31,2025-04-29,7801000,강원특별자치도교육청
7801000,강원특별자치도교육청,7822000,원주교육지원청,51,강원특별자치도,130,원주시,부론초 단강분교장,2007,초등학교,미활용,779.42,11540,행정과,033-760-5740,,강원특별자치도 원주시 부론면 단강리 1380,2025-04-29,7801000,강원특별자치도교육청
7801000,강원특별자치도교육청,7822000,원주교육지원청,51,강원특별자치도,130,원주시,지정초 송암분교장,2003,초등학교,미활용,454,15396,행정과,033-760-5740,,강원특별자치도 원주시 지정면 월송리 451,2025-04-29,7801000,강원특별자치도교육청
7801000,강원특별자치도교육청,7822000,원주교육지원청,51,강원특별자치도,130,원주시,신림초 성림분교장,1996,초등학교,미활용,838.46,41067,행정과,033-760-5740,,강원특별자치도 원주시 신림면 성남리 527,2025-04-29,7801000,강원특별자치도교육청
7801000,강원특별자치도교육청,7822000,원주교육지원청,51,강원특별자치도,130,원주시,노림초,2004,초등학교,대부,986.02,6831,행정과,033-760-5740,,강원특별자치도 원주시 부론면 노림리 403,2025-04-29,7801000,강원특별자치도교육청
7801000,강원특별자치도교육청,7822000,원주교육지원청,51,강원특별자치도,130,원주시,부론초 손곡분교장,1999,초등학교,대부,987.6,8877,행정과,033-760-5740,,강원특별자치도 원주시 부론면 손곡리 1382,2025-04-29,7801000,강원특별자치도교육청
7801000,강원특별자치도교육청,7822000,원주교육지원청,51,강원특별자치도,130,원주시,문막초 취병분교장,2014,초등학교,대부,539.58,9631,행정과,033-760-5740,,강원특별자치도 원주시 문막읍 취병리 358,2025-04-29,7801000,강원특별자치도교육청
7801000,강원특별자치도교육청,7822000,원주교육지원청,51,강원특별자치도,130,원주시,용암초,1998,초등학교,대부,744.04,12593,행정과,033-760-5740,,강원특별자치도 원주시 귀래면 용암리 906,2025-04-29,7801000,강원특별자치도교육청
7801000,강원특별자치도교육청,7822000,원주교육지원청,51,강원특별자치도,130,원주시,후용초,2000,초등학교,대부,810.3,6269,행정과,033-760-5740,,강원특별자치도 원주시 문막읍 후용리 389,2025-04-29,7801000,강원특별자치도교육청
7801000,강원특별자치도교육청,7822000,원주교육지원청,51,강원특별자치도,130,원주시,지정초 안창분교장,1993,초등학교,대부,442.08,7825,행정과,033-760-5740,,강원특별자치도 원주시 지정면 안창리 81,2025-04-29,7801000,강원특별자치도교육청
7801000,강원특별자치도교육청,7822000,원주교육지원청,51,강원특별자치도,130,원주시,지정초 판대분교장,1994,초등학교,대부,530.9,7693,행정과,033-760-5740,,강원특별자치도 원주시 지정면 판대리 427,2025-04-29,7801000,강원특별자치도교육청
7801000,강원특별자치도교육청,7822000,원주교육지원청,51,강원특별자치도,130,원주시,흥업초 사제분교장,2000,초등학교,대부,948.81,8104,행정과,033-760-5740,,강원특별자치도 원주시 흥업면 사제리 534,2025-04-29,7801000,강원특별자치도교육청
7801000,강원특별자치도교육청,7812000,춘천교육지원청,51,강원특별자치도,110,춘천시,상천초 물로분교장,1994,초등학교,대부,252.79,9442,행정과,033-259-1595,,강원특별자치도 춘천시 북산면 물로리 604-2,2025-04-29,7801000,강원특별자치도교육청
7801000,강원특별자치도교육청,7812000,춘천교육지원청,51,강원특별자치도,110,춘천시,가정초,2009,초등학교,자체활용,0,15655,행정과,033-259-1595,,강원특별자치도 춘천시 남면 가정리 838-1,2025-04-29,7801000,강원특별자치도교육청
7801000,강원특별자치도교육청,7812000,춘천교육지원청,51,강원특별자치도,110,춘천시,만천초 명성분교장,2000,초등학교,대부,487,123197,행정과,033-259-1595,,강원특별자치도 춘천시 동면 상걸리 336,2025-04-29,7801000,강원특별자치도교육청
7801000,강원특별자치도교육청,7812000,춘천교육지원청,51,강원특별자치도,110,춘천시,서상초 삼선분교장,1995,초등학교,대부,159,6612,행정과,033-259-1595,,강원특별자치도 춘천시 서면 서상리 801-2,2025-04-29,7801000,강원특별자치도교육청
7801000,강원특별자치도교육청,7812000,춘천교육지원청,51,강원특별자치도,110,춘천시,금병초 혈동분교장,1998,초등학교,대부,221,7185,행정과,033-259-1595,,강원특별자치도 춘천시 신동면 혈동리 170,2025-04-29,7801000,강원특별자치도교육청
7801000,강원특별자치도교육청,7812000,춘천교육지원청,51,강원특별자치도,110,춘천시,천전초 부귀분교장,1995,초등학교,자체활용,0,9203,행정과,033-259-1595,,강원특별자치도 춘천시 북산면 부귀리 433-1,2025-04-29,7801000,강원특별자치도교육청
7801000,강원특별자치도교육청,7812000,춘천교육지원청,51,강원특별자치도,110,춘천시,발산중,2002,중학교,대부,811,12221,행정과,033-259-1595,,강원특별자치도 춘천시 남면  발산리 642,2025-04-29,7801000,강원특별자치도교육청
7801000,강원특별자치도교육청,7812000,춘천교육지원청,51,강원특별자치도,110,춘천시,남산초 발산분교장,2006,초등학교,대부,931,7537,행정과,033-259-1595,,강원특별자치도 춘천시 남면 발산리 77-3,2025-04-29,7801000,강원특별자치도교육청
7801000,강원특별자치도교육청,7812000,춘천교육지원청,51,강원특별자치도,110,춘천시,가산초 품걸분교장,2005,초등학교,대부,251,7841,행정과,033-259-1595,,강원특별자치도 춘천시 동면 품걸리 75-1,2025-04-29,7801000,강원특별자치도교육청
7801000,강원특별자치도교육청,7812000,춘천교육지원청,51,강원특별자치도,110,춘천시,지촌초 원평분교장,1997,초등학교,대부,220,6442,행정과,033-259-1595,,강원특별자치도 춘천시 사북면 원평리 478-2,2025-04-29,7801000,강원특별자치도교육청
7801000,강원특별자치도교육청,7812000,춘천교육지원청,51,강원특별자치도,110,춘천시,상천초 조교분교장,1994,초등학교,대부,197,12297,행정과,033-259-1595,,강원특별자치도 춘천시 북산면 조교리 295-1,2025-04-29,7801000,강원특별자치도교육청
7801000,강원특별자치도교육청,7812000,춘천교육지원청,51,강원특별자치도,110,춘천시,송화초 서원분교장,1995,초등학교,자체활용,0,8725,행정과,033-259-1595,,강원특별자치도 춘천시 신북읍 용산리 725-2,2025-04-29,7801000,강원특별자치도교육청
9010000,경상남도교육청,9181000,하동교육지원청,48,경상남도,850,하동군,청암초등학교명사분교장,1995,초등학교,대부,72,4516,교육재정담당,055-880-1974,경상남도 하동군 청암면 상존길 7,경상남도 하동군 청암면 명호리 854-2,2025-12-01,9010000,경상남도교육청
9290000,제주특별자치도교육청,9296000,제주특별자치도 제주시교육지원청,50,제주특별자치도,110,제주시,용수초등학교,1995,초등학교,대부,614.28,12395,미래공간기획과,064-710-0785,제주특별자치도 제주시 한경면 용수길 142,,2025-11-06,9290000,제주특별자치도교육청
9290000,제주특별자치도교육청,9296000,제주특별자치도 제주시교육지원청,50,제주특별자치도,110,제주시,명월초등학교,1993,초등학교,자체활용,837.3,15993,미래공간기획과,064-710-0785,제주특별자치도 제주시 한림읍 명월로 48,,2025-11-06,9290000,제주특별자치도교육청
9290000,제주특별자치도교육청,9296000,제주특별자치도 제주시교육지원청,50,제주특별자치도,110,제주시,어도초어음분교장,1999,초등학교,대부,317.01,4529,미래공간기획과,064-710-0785,제주특별자치도 제주시 애월읍 어림비로 376,,2025-11-06,9290000,제주특별자치도교육청
9290000,제주특별자치도교육청,9296000,제주특별자치도 제주시교육지원청,50,제주특별자치도,110,제주시,장전초금덕분교장,1992,초등학교,대부,171.42,6142,미래공간기획과,064-710-0785,제주특별자치도 제주시 애월읍 유수암로 218,,2025-11-06,9290000,제주특별자치도교육청
9290000,제주특별자치도교육청,9296000,제주특별자치도 제주시교육지원청,50,제주특별자치도,110,제주시,추자초횡간분교장,1991,초등학교,미활용,95.3,1409,미래공간기획과,064-710-0785,제주특별자치도 제주시 추자면 횡간도길 58-7,,2025-11-06,9290000,제주특별자치도교육청
7380000,광주광역시교육청,7401000,광주광역시서부교육지원청,29,광주광역시,200,광산구,구)하남초등학교,2009,초등학교,자체활용,0,34335,재정과,062-380-4149,광주광역시 광산구 고봉로 136,광주광역시 광산구 하남동 395,2025-11-09,7380000,광주광역시교육청
7380000,광주광역시교육청,7391000,광주광역시동부교육지원청,29,광주광역시,110,동구,지원중학교,2009,중학교,자체활용,6135.39,10328,재정과,062-380-4149,광주광역시 동구 학소로62번길 7,광주광역시 동구 소태동 491,2025-11-09,7380000,광주광역시교육청
7380000,광주광역시교육청,7401000,광주광역시서부교육지원청,29,광주광역시,155,남구,대촌동초등학교,2002,초등학교,대부,1567.52,6272,재정과,062-380-4149,광주광역시 남구 포충로 937,광주광역시 남구 양과동 890,2025-11-09,7380000,광주광역시교육청
7380000,광주광역시교육청,7401000,광주광역시서부교육지원청,29,광주광역시,200,광산구,본량중학교,1999,중학교,대부,1314.58,18772,재정과,062-380-4149,광주광역시 광산구 용진로 303,광주광역시 광산구 남산동 618-8,2025-11-09,7380000,광주광역시교육청
7380000,광주광역시교육청,7401000,광주광역시서부교육지원청,29,광주광역시,200,광산구,평동서초등학교,1998,초등학교,자체활용,834.14,18613,재정과,062-380-4149,광주광역시 광산구 평동로 416-13,광주광역시 광산구 동산동 225,2025-11-09,7380000,광주광역시교육청
7380000,광주광역시교육청,7401000,광주광역시서부교육지원청,29,광주광역시,200,광산구,삼도남초등학교,1998,초등학교,대부,1552,12203,재정과,062-380-4149,광주광역시 광산구 평동로 29,광주광역시 광산구 삼도동 823-1,2025-11-09,7380000,광주광역시교육청
7380000,광주광역시교육청,7401000,광주광역시서부교육지원청,29,광주광역시,200,광산구,본량초등학교 선동분교장,1993,초등학교,자체활용,0,14554,재정과,062-380-4149,광주광역시 광산구 선동 494,광주광역시 광산구 선동 494,2025-11-09,7380000,광주광역시교육청
7240000,대구광역시교육청,8862000,대구광역시군위교육지원청,27,대구광역시,720,군위군,보성초,1992,초등학교,자체활용,16720,1535,미래학교추진단,053-231-0872,대구광역시 군위군 소보면 소보안계로 529,대구광역시 군위군 소보면 사리리 97-1,2025-11-01,7240000,대구광역시교육청
7240000,대구광역시교육청,8862000,대구광역시군위교육지원청,27,대구광역시,720,군위군,고로초 화수분교,1996,초등학교,자체활용,8128,500,미래학교추진단,053-231-0872,대구광역시 군위군 삼국유사면 동부로 356,대구광역시 군위군 고로면 화수리 963-1,2025-11-01,7240000,대구광역시교육청
7240000,대구광역시교육청,8862000,대구광역시군위교육지원청,27,대구광역시,720,군위군,의흥동부초,1999,초등학교,자체활용,15119,1621,미래학교추진단,053-231-0872,대구광역시 군위군 의흥면 연계지호길 63,대구광역시 군위군 의흥면 연계리 407-1,2025-11-01,7240000,대구광역시교육청
7240000,대구광역시교육청,8862000,대구광역시군위교육지원청,27,대구광역시,720,군위군,오천초,1993,초등학교,자체활용,8023,475,미래학교추진단,053-231-0872,대구광역시 군위군 효령면 효우로 269,대구광역시 군위군 효령면 오천리 164-3,2025-11-01,7240000,대구광역시교육청
7240000,대구광역시교육청,8862000,대구광역시군위교육지원청,27,대구광역시,720,군위군,봉의초,1992,초등학교,대부,7078,677,미래학교추진단,053-231-0872,대구광역시 군위군 소보면 봉소1길 14,대구광역시 군위군 소보면 봉소리 623-1,2025-11-01,7240000,대구광역시교육청
7240000,대구광역시교육청,8862000,대구광역시군위교육지원청,27,대구광역시,720,군위군,문산초,1999,초등학교,대부,10325,846,미래학교추진단,053-231-0872,대구광역시 군위군 우보면 철길로 237-5,대구광역시 군위군 우보면 모산리 489-10,2025-11-01,7240000,대구광역시교육청
7240000,대구광역시교육청,8862000,대구광역시군위교육지원청,27,대구광역시,720,군위군,대율초,2012,초등학교,미활용,10668,1449,미래학교추진단,053-231-0872,대구광역시 군위군 부계면 한밤8길 2,대구광역시 군위군 부계면 대율리 644-1,2025-11-01,7240000,대구광역시교육청
7240000,대구광역시교육청,7261000,대구광역시서부교육지원청,27,대구광역시,230,북구,서변초 조야분교,2025,초등학교,자체활용,4623,11428,미래학교추진단,053-231-0872,대구광역시 북구 조야로8길 16,대구광역시 북구 읍내동 1305-3,2025-11-01,7240000,대구광역시교육청
7240000,대구광역시교육청,7261000,대구광역시서부교육지원청,27,대구광역시,230,북구,교동중,2023,중학교,자체활용,8780,10115,미래학교추진단,053-231-0872,대구광역시 북구 관음중앙로32길 15,대구광역시 북구 읍내동 1305-3,2025-11-01,7240000,대구광역시교육청
7240000,대구광역시교육청,7281000,대구광역시달성교육지원청,27,대구광역시,348,달성군,가창초등학교 우록분교,2007,초등학교,미활용,991.1,8158,미래학교추진단,053-231-0872,대구광역시 달성군 가창면 가창로57길 46,대구광역시 달성군 가창면 삼산리 795,2025-11-01,7240000,대구광역시교육청
7240000,대구광역시교육청,7271000,대구광역시남부교육지원청,27,대구광역시,347,달서구,죽전중학교,2020,중학교,자체활용,6423,11002,미래학교추진단,053-231-0872,대구광역시 달서구 죽전1길 176(죽전동),대구광역시 달서구 죽전동 176,2025-11-01,7240000,대구광역시교육청
9010000,경상남도교육청,9101000,밀양교육지원청,48,경상남도,270,밀양시,상동초등학교안인분교장,1999,초등학교,대부,1491,10263,교육재정담당,055-350-1583,경상남도 밀양시 상동면 구곡길 54-33,경상남도 밀양시 상동면 안인리 297-1,2025-12-01,9010000,경상남도교육청
7240000,대구광역시교육청,7251000,대구광역시동부교육지원청,27,대구광역시,342,동구,평광초등학교,1994,초등학교,대부,496.4,8754,미래학교추진단,053-231-0872,대구광역시 동구 도평로 590(평광동),대구광역시 동구 평광동 1096,2025-11-01,7240000,대구광역시교육청
8490000,전라남도교육청,8611000,화순교육지원청,46,전라남도,790,화순군,청풍초신석분교장,1996,초등학교,미활용,165,4925,재정과,061-260-0792,전라남도 화순군 청풍면 곰치로 1547,전라남도 화순군 청풍면 신석리 457,2025-11-18,8490000,전라남도교육청
8490000,전라남도교육청,8611000,화순교육지원청,46,전라남도,790,화순군,아산초송방분교장,1996,초등학교,미활용,835,7100,재정과,061-260-0792,전라남도 화순군 백아면 송단길 289,전라남도 화순군 백아면 송단리 847-5,2025-11-18,8490000,전라남도교육청
8490000,전라남도교육청,8611000,화순교육지원청,46,전라남도,790,화순군,동면초옥호분교장,1995,초등학교,미활용,289,3465,재정과,061-260-0792,전라남도 화순군 동면 응봉로 236-7,전라남도 화순군 동면 옥호리 338,2025-11-18,8490000,전라남도교육청
8490000,전라남도교육청,8611000,화순교육지원청,46,전라남도,790,화순군,아산초노치분교장,1994,초등학교,미활용,106,3309,재정과,061-260-0792,전라남도 화순군 백아면 노치길 19,전라남도 화순군 백아면 노치리 272,2025-11-18,8490000,전라남도교육청
8490000,전라남도교육청,8611000,화순교육지원청,46,전라남도,790,화순군,동복초가수분교장,1999,초등학교,미활용,844,6262,재정과,061-260-0792,전라남도 화순군 동복면 하가길 33,전라남도 화순군 동복면 가수리 861,2025-11-18,8490000,전라남도교육청
8490000,전라남도교육청,8611000,화순교육지원청,46,전라남도,790,화순군,천태초봉하분교장,2004,초등학교,대부,853,8967,재정과,061-260-0792,전라남도 화순군 도암면 왕정로 263-5,전라남도 화순군 도암면 봉하리 200,2025-11-18,8490000,전라남도교육청
8490000,전라남도교육청,8611000,화순교육지원청,46,전라남도,790,화순군,화순오성초주도분교장,1996,초등학교,대부,449,8403,재정과,061-260-0792,전라남도 화순군 화순읍 주도길 88,전라남도 화순군 화순읍 주도리 20,2025-11-18,8490000,전라남도교육청
8490000,전라남도교육청,8611000,화순교육지원청,46,전라남도,790,화순군,동면초경복분교장,2001,초등학교,대부,1713,9840,재정과,061-260-0792,전라남도 화순군 동면 복림길 4,전라남도 화순군 동면 복암리 166,2025-11-18,8490000,전라남도교육청
8490000,전라남도교육청,8611000,화순교육지원청,46,전라남도,790,화순군,아산초서유분교장,2007,초등학교,미활용,1180,16514,재정과,061-260-0792,전라남도 화순군 백아면 백아로 2038,전라남도 화순군 백아면 서유리 526,2025-11-18,8490000,전라남도교육청
8490000,전라남도교육청,8641000,해남교육지원청,46,전라남도,820,해남군,군곡초등학교,2011,초등학교,미활용,1030,19070,재정과,061-260-0792,전라남도 해남군 송지면 군곡길 139,전라남도 해남군 송지면 군곡리 435-1,2025-11-18,8490000,전라남도교육청
7801000,강원특별자치도교육청,7972000,고성교육지원청,51,강원특별자치도,820,고성군,광산초 흘리분교장,2024,초등학교,미활용,504.16,4351,행정과,033-680-6082,,강원특별자치도 고성군 간성읍 흘리 55,2025-04-29,7801000,강원특별자치도교육청
7801000,강원특별자치도교육청,7972000,고성교육지원청,51,강원특별자치도,820,고성군,거진초 송정분교장,2016,초등학교,대부,829,42816,행정과,033-680-6082,,강원특별자치도 고성군 거진읍 송정리 139,2025-04-29,7801000,강원특별자치도교육청
7801000,강원특별자치도교육청,7972000,고성교육지원청,51,강원특별자치도,820,고성군,대진초 마달분교장,1994,초등학교,대부,0,6146,행정과,033-680-6082,,강원특별자치도 고성군 현내면 마달리 198,2025-04-29,7801000,강원특별자치도교육청
7801000,강원특별자치도교육청,7972000,고성교육지원청,51,강원특별자치도,820,고성군,간성초 선혜분교장,1990,초등학교,대부,0,41335,행정과,033-680-6082,,강원특별자치도 고성군 간성읍 탑동2리 산142-1,2025-04-29,7801000,강원특별자치도교육청
7801000,강원특별자치도교육청,7972000,고성교육지원청,51,강원특별자치도,820,고성군,죽왕초 구성분교장,2005,초등학교,대부,481.54,27638,행정과,033-680-6082,,강원특별자치도 고성군 죽왕면 구성리 118-5,2025-04-29,7801000,강원특별자치도교육청
7801000,강원특별자치도교육청,7972000,고성교육지원청,51,강원특별자치도,820,고성군,초계초,1995,초등학교,자체활용,1980.57,26044,행정과,033-680-6082,,강원특별자치도 고성군 거진읍 대대리 315-1,2025-04-29,7801000,강원특별자치도교육청
7801000,강원특별자치도교육청,7962000,인제교육지원청,51,강원특별자치도,810,인제군,원통초 신덕분교장,2024,초등학교,미활용,444.31,7761,행정과,033-460-1032,,강원특별자치도 인제군 가아리 779-1,2025-04-29,7801000,강원특별자치도교육청
7801000,강원특별자치도교육청,7962000,인제교육지원청,51,강원특별자치도,810,인제군,서화초 서성분교장,2023,초등학교,미활용,1381.89,15682,행정과,033-460-1032,,강원특별자치도 인제군 서화면 서화리 1242,2025-04-29,7801000,강원특별자치도교육청
7801000,강원특별자치도교육청,7962000,인제교육지원청,51,강원특별자치도,810,인제군,기린초 방동분교장,2022,초등학교,미활용,2033.73,7254,행정과,033-460-1032,,강원특별자치도 인제군 기린면 방동리 520,2025-04-29,7801000,강원특별자치도교육청
7801000,강원특별자치도교육청,7962000,인제교육지원청,51,강원특별자치도,810,인제군,인제초 군량분교장,1993,초등학교,미활용,525.95,6199,행정과,033-460-1032,,강원특별자치도 인제군 인제읍 귀둔리 984-1,2025-04-29,7801000,강원특별자치도교육청
7801000,강원특별자치도교육청,7952000,양구교육지원청,51,강원특별자치도,800,양구군,광덕초,2005,초등학교,미활용,1341.5,37989,행정과,033-480-1432,,강원특별자치도 양구군 남면 적리 447-9,2025-04-29,7801000,강원특별자치도교육청
7801000,강원특별자치도교육청,7952000,양구교육지원청,51,강원특별자치도,800,양구군,죽리초 웅진분교장,1994,초등학교,대부,571.22,3503,행정과,033-480-1432,,강원특별자치도 양구군 양구읍 웅진리 407-2,2025-04-29,7801000,강원특별자치도교육청
7801000,강원특별자치도교육청,7952000,양구교육지원청,51,강원특별자치도,800,양구군,비봉초 군량분교장,1999,초등학교,미활용,438.6,6997,행정과,033-480-1432,,강원특별자치도 양구군 양구읍 군량리 450,2025-04-29,7801000,강원특별자치도교육청
7801000,강원특별자치도교육청,7952000,양구교육지원청,51,강원특별자치도,800,양구군,양구초 월명분교장,1999,초등학교,대부,225.1,3055,행정과,033-480-1432,,강원특별자치도 양구군 양구읍 월명리 230,2025-04-29,7801000,강원특별자치도교육청
8490000,전라남도교육청,8591000,고흥교육지원청,46,전라남도,770,고흥군,나로고등학교,2014,고등학교,미활용,3473,21377,재정과,061-260-0792,전라남도 고흥군 봉래면 종고길 34,전라남도 고흥군 봉래면 신금리 838,2025-11-18,8490000,전라남도교육청
8490000,전라남도교육청,8591000,고흥교육지원청,46,전라남도,770,고흥군,과역동초백일분교장,2007,초등학교,미활용,211,5056,재정과,061-260-0792,전라남도 고흥군 과역면 백일길 288,전라남도 고흥군 과역면 백일리 1035-27,2025-11-18,8490000,전라남도교육청
8490000,전라남도교육청,8631000,강진교육지원청,46,전라남도,810,강진군,강진북초등학교,2024,초등학교,미활용,2346,20534,재정과,061-260-0792,전라남도 강진군 강진읍 지전로안길 83,전라남도 강진군 강진읍 서산리 252-10,2025-11-18,8490000,전라남도교육청
8750000,경상북도교육청,8851000,경상북도경산교육지원청,47,경상북도,100,경산시,용성초등학교구룡분교장,1992,초등학교,미활용,0,2119,행정지원과,053-810-7586,,경상북도 경산시 용성면 매남리 159,2025-11-24,8851000,경상북도교육청 경상북도경산교육지원청
8750000,경상북도교육청,8851000,경상북도경산교육지원청,47,경상북도,100,경산시,하양초등학교화성분교장,2022,초등학교,자체활용,1592.52,13867,행정지원과,053-810-7586,경상북도 경산시 하양읍 화성로 171,경상북도 경산시 하양읍 환상리 75-1,2025-11-24,8851000,경상북도교육청 경상북도경산교육지원청
8750000,경상북도교육청,8851000,경상북도경산교육지원청,47,경상북도,100,경산시,압량초등학교,2017,초등학교,자체활용,8590.76,17519,행정지원과,053-810-7586,경상북도 경산시 압량읍 부적길 36-19,경상북도 경산시 압량읍 부적리 601,2025-11-24,8851000,경상북도교육청 경상북도경산교육지원청
8750000,경상북도교육청,8851000,경상북도경산교육지원청,47,경상북도,100,경산시,신상초등학교,2008,초등학교,자체활용,9307.82,14972.2,행정지원과,053-810-7586,경상북도 경산시 진량읍 공단1로1길 36-8,경상북도 경산시 진량읍 신상리 343-1,2025-11-24,8851000,경상북도교육청 경상북도경산교육지원청
8750000,경상북도교육청,8851000,경상북도경산교육지원청,47,경상북도,100,경산시,남산초등학교삼성분교장,2010,초등학교,자체활용,837.4,9559,행정지원과,053-810-7586,경상북도 경산시 남산면 하대2길 32-7,경상북도 경산시 남산면 하대리 370,2025-11-24,8851000,경상북도교육청 경상북도경산교육지원청
8750000,경상북도교육청,8961000,경상북도봉화교육지원청,47,경상북도,920,봉화군,봉화중학교 봉성분교장,2010,중학교,미활용,1144,48270,행정지원과,054-679-1775,경상북도 봉화군 봉성면 미륵골길 32-27,경상북도 봉화군 봉성면 봉성리 산 6-2,2023-12-07,8961000,경상북도교육청 경상북도봉화교육지원청
8750000,경상북도교육청,8961000,경상북도봉화교육지원청,47,경상북도,920,봉화군,명호초등학교 북곡분교장,2013,초등학교,미활용,901,8500,행정지원과,054-679-1775,경상북도 봉화군 명호면 북곡길 21-7,경상북도 봉화군 명호면 북곡리 1309,2023-12-07,8961000,경상북도교육청 경상북도봉화교육지원청
8750000,경상북도교육청,8961000,경상북도봉화교육지원청,47,경상북도,920,봉화군,물야초등학교 오전분교장,1997,초등학교,미활용,948,8099,행정지원과,054-679-1775,경상북도 봉화군 물야면 오전길 24,경상북도 봉화군 물야면 오전리 869-2,2023-12-07,8961000,경상북도교육청 경상북도봉화교육지원청
8750000,경상북도교육청,8961000,경상북도봉화교육지원청,47,경상북도,920,봉화군,고양초등학교,1991,초등학교,미활용,959,8206,행정지원과,054-679-1775,경상북도 봉화군 명호면 양곡길 481,경상북도 봉화군 명호면 양곡리 329-1,2023-12-07,8961000,경상북도교육청 경상북도봉화교육지원청
8750000,경상북도교육청,8961000,경상북도봉화교육지원청,47,경상북도,920,봉화군,법전초등학교,1999,초등학교,자체활용,2331,12819,행정지원과,054-679-1775,경상북도 봉화군 춘양면 소천로 92,경상북도 봉화군 춘양면  소로리 534-1,2023-12-07,8961000,경상북도교육청 경상북도봉화교육지원청
8750000,경상북도교육청,8961000,경상북도봉화교육지원청,47,경상북도,920,봉화군,봉화여자중·고등학교,2007,중학교,자체활용,968,20712,행정지원과,054-679-1775,경상북도 봉화군 봉화읍 솔안4길 12,경상북도 봉화군 봉화읍 해저리 36,2023-12-07,8961000,경상북도교육청 경상북도봉화교육지원청
8750000,경상북도교육청,8961000,경상북도봉화교육지원청,47,경상북도,920,봉화군,물야초등학교 개단분교장,2012,초등학교,대부,1032,6438,행정지원과,054-679-1775,경상북도 봉화군 물야면 월계길 321,경상북도 봉화군 물야면 개단리 844-2,2023-12-07,8961000,경상북도교육청 경상북도봉화교육지원청
8750000,경상북도교육청,8961000,경상북도봉화교육지원청,47,경상북도,920,봉화군,명호중학교,2017,중학교,자체활용,9027,29335,행정지원과,054-679-1775,경상북도 봉화군 명호면 양지마을길 14,경상북도 봉화군 명호면 도천리 260-1,2023-12-07,8961000,경상북도교육청 경상북도봉화교육지원청
8750000,경상북도교육청,8961000,경상북도봉화교육지원청,47,경상북도,920,봉화군,물야초등학교 수식분교장,2016,초등학교,대부,701,7475,행정지원과,054-679-1775,경상북도 봉화군 물야면 두문로 370,경상북도 봉화군 물야면 수식리 418-1,2023-12-07,8961000,경상북도교육청 경상북도봉화교육지원청
8750000,경상북도교육청,8961000,경상북도봉화교육지원청,47,경상북도,920,봉화군,소천고등학교,2018,고등학교,자체활용,2778,99316,행정지원과,054-679-1775,경상북도 봉화군 소천면 소천로 1237,경상북도 봉화군 소천면 현동리 701-10,2023-12-07,8961000,경상북도교육청 경상북도봉화교육지원청
8750000,경상북도교육청,8961000,경상북도봉화교육지원청,47,경상북도,920,봉화군,법전중학교,2017,중학교,대부,1278,21458,행정지원과,054-679-1775,경상북도 봉화군 법전면 법전로 41-25,경상북도 봉화군 법전면 법전리 238,2023-12-07,8961000,경상북도교육청 경상북도봉화교육지원청
8750000,경상북도교육청,8961000,경상북도봉화교육지원청,47,경상북도,920,봉화군,상운중학교,2017,중학교,대부,2056,15195,행정지원과,054-679-1775,경상북도 봉화군 상운면 예봉로 1270-10,경상북도 봉화군 상운면 운계리 664-1,2023-12-07,8961000,경상북도교육청 경상북도봉화교육지원청
7801000,강원특별자치도교육청,7882000,홍천교육지원청,51,강원특별자치도,720,홍천군,속초초 좌운분교장,2021,초등학교,미활용,1425,82581,행정과,033-430-1175,,강원특별자치도 홍천군 동면 좌운리 922,2025-04-29,7801000,강원특별자치도교육청
7801000,강원특별자치도교육청,7882000,홍천교육지원청,51,강원특별자치도,720,홍천군,내촌초 동창분교장,2021,초등학교,대부,989,44029,행정과,033-430-1175,,강원특별자치도 홍천군 내촌면 물걸리 646,2025-04-29,7801000,강원특별자치도교육청
7801000,강원특별자치도교육청,7882000,홍천교육지원청,51,강원특별자치도,720,홍천군,모곡초 동막분교장,1993,초등학교,미활용,210.98,5971,행정과,033-430-1175,,강원특별자치도 홍천군 서면 동막리 473-1,2025-04-29,7801000,강원특별자치도교육청
7801000,강원특별자치도교육청,7882000,홍천교육지원청,51,강원특별자치도,720,홍천군,화계초 화양분교장,1994,초등학교,미활용,744.86,5415,행정과,033-430-1175,,강원특별자치도 홍천군 북방면 굴지리 243-2,2025-04-29,7801000,강원특별자치도교육청
7801000,강원특별자치도교육청,7882000,홍천교육지원청,51,강원특별자치도,720,홍천군,삼포초 당무분교장,1997,초등학교,미활용,0,4866,행정과,033-430-1175,,강원특별자치도 홍천군 화촌면 군업리 1128,2025-04-29,7801000,강원특별자치도교육청
7801000,강원특별자치도교육청,7882000,홍천교육지원청,51,강원특별자치도,720,홍천군,화계초 성동분교장,2013,초등학교,대부,785.88,6177,행정과,033-430-1175,,강원특별자치도 홍천군 북방면 성동리 642-5,2025-04-29,7801000,강원특별자치도교육청
7801000,강원특별자치도교육청,7882000,홍천교육지원청,51,강원특별자치도,720,홍천군,남산초 삼창분교장,1997,초등학교,미활용,24,21187,행정과,033-430-1175,,강원특별자치도 홍천군 홍천읍 삼마치리 174-1,2025-04-29,7801000,강원특별자치도교육청
7801000,강원특별자치도교육청,7882000,홍천교육지원청,51,강원특별자치도,720,홍천군,속초초 신봉분교장,1994,초등학교,미활용,212,5218,행정과,033-430-1175,,강원특별자치도 홍천군 동면 신봉리 211-1,2025-04-29,7801000,강원특별자치도교육청
7801000,강원특별자치도교육청,7882000,홍천교육지원청,51,강원특별자치도,720,홍천군,속초초 노천분교장,2017,초등학교,자체활용,0,33885,행정과,033-430-1175,,강원특별자치도 홍천군 동면 노천리 1441,2025-04-29,7801000,강원특별자치도교육청
7801000,강원특별자치도교육청,7882000,홍천교육지원청,51,강원특별자치도,720,홍천군,남산초 장전분교장,1997,초등학교,자체활용,0,6127,행정과,033-430-1175,,강원특별자치도 홍천군 홍천읍 장전평리 252,2025-04-29,7801000,강원특별자치도교육청
7801000,강원특별자치도교육청,7882000,홍천교육지원청,51,강원특별자치도,720,홍천군,화계초 노일분교장,2017,초등학교,대부,284.96,38168,행정과,033-430-1175,,강원특별자치도 홍천군 북방면 노일리 469-1,2025-04-29,7801000,강원특별자치도교육청
7801000,강원특별자치도교육청,7882000,홍천교육지원청,51,강원특별자치도,720,홍천군,서석초 항곡분교장,2016,초등학교,대부,1086.51,52172,행정과,033-430-1175,,강원특별자치도 홍천군 서석면 수하리 398-3,2025-04-29,7801000,강원특별자치도교육청
7801000,강원특별자치도교육청,7882000,홍천교육지원청,51,강원특별자치도,720,홍천군,화촌초 율촌분교장,1994,초등학교,대부,0,6551,행정과,033-430-1175,,강원특별자치도 홍천군 화촌면 주음치리 271,2025-04-29,7801000,강원특별자치도교육청
7801000,강원특별자치도교육청,7882000,홍천교육지원청,51,강원특별자치도,720,홍천군,화계초 역전분교장,1994,초등학교,대부,0,10955,행정과,033-430-1175,,강원특별자치도 홍천군 북방면 역전평리 91,2025-04-29,7801000,강원특별자치도교육청
7801000,강원특별자치도교육청,7882000,홍천교육지원청,51,강원특별자치도,720,홍천군,창촌초 원자분교장,1994,초등학교,대부,220.93,22060,행정과,033-430-1175,,강원특별자치도 홍천군 내면 자운리 1171-3,2025-04-29,7801000,강원특별자치도교육청
7801000,강원특별자치도교육청,7882000,홍천교육지원청,51,강원특별자치도,720,홍천군,창촌초 운두분교장,2009,초등학교,대부,1205.14,9117,행정과,033-430-1175,,강원특별자치도 홍천군 내면 자운리 413,2025-04-29,7801000,강원특별자치도교육청
7801000,강원특별자치도교육청,7882000,홍천교육지원청,51,강원특별자치도,720,홍천군,주봉초 와동분교장,2015,초등학교,대부,880.36,13703,행정과,033-430-1175,,강원특별자치도 홍천군 홍천읍 와동리 275,2025-04-29,7801000,강원특별자치도교육청
7801000,강원특별자치도교육청,7882000,홍천교육지원청,51,강원특별자치도,720,홍천군,율전초 방내분교장,2012,초등학교,대부,550.43,271964,행정과,033-430-1175,,강원특별자치도 홍천군 내면 방내리 797-5,2025-04-29,7801000,강원특별자치도교육청
7801000,강원특별자치도교육청,7882000,홍천교육지원청,51,강원특별자치도,720,홍천군,율전초 문암분교장,1997,초등학교,대부,259.44,5721,행정과,033-430-1175,,강원특별자치도 홍천군 내면 율전리 696-1,2025-04-29,7801000,강원특별자치도교육청
7801000,강원특별자치도교육청,7882000,홍천교육지원청,51,강원특별자치도,720,홍천군,율전초 광문분교장,1999,초등학교,대부,36,91248,행정과,033-430-1175,,강원특별자치도 홍천군 내면 방내리 169-2,2025-04-29,7801000,강원특별자치도교육청
7801000,강원특별자치도교육청,7882000,홍천교육지원청,51,강원특별자치도,720,홍천군,원당초 생둔분교장,1993,초등학교,대부,242.25,63538,행정과,033-430-1175,,강원특별자치도 홍천군 내면 율전리 221-4,2025-04-29,7801000,강원특별자치도교육청
7801000,강원특별자치도교육청,7882000,홍천교육지원청,51,강원특별자치도,720,홍천군,원당초 명개분교장,1994,초등학교,대부,0,7131,행정과,033-430-1175,,강원특별자치도 홍천군 내면 명개리 178,2025-04-29,7801000,강원특별자치도교육청
7801000,강원특별자치도교육청,7882000,홍천교육지원청,51,강원특별자치도,720,홍천군,원당초 광원분교장,1994,초등학교,대부,1094.64,170120,행정과,033-430-1175,,강원특별자치도 홍천군 내면 광원리 782-22,2025-04-29,7801000,강원특별자치도교육청
7801000,강원특별자치도교육청,7882000,홍천교육지원청,51,강원특별자치도,720,홍천군,오안초 삼마치분교장,1998,초등학교,대부,234,5159,행정과,033-430-1175,,강원특별자치도 홍천군 홍천읍 삼마치리 681-1,2025-04-29,7801000,강원특별자치도교육청
7801000,강원특별자치도교육청,7882000,홍천교육지원청,51,강원특별자치도,720,홍천군,서석초 송촌분교장,1994,초등학교,대부,520.83,69986,행정과,033-430-1175,,강원특별자치도 홍천군 서석면 어론리 564-5,2025-04-29,7801000,강원특별자치도교육청
7801000,강원특별자치도교육청,7882000,홍천교육지원청,51,강원특별자치도,720,홍천군,서석초 가구분교장,1995,초등학교,대부,142.8,7329,행정과,033-430-1175,,강원특별자치도 홍천군 서석면 수하리 1290-1,2025-04-29,7801000,강원특별자치도교육청
7801000,강원특별자치도교육청,7882000,홍천교육지원청,51,강원특별자치도,720,홍천군,삼생초 서광분교장,1994,초등학교,대부,166.88,4077,행정과,033-430-1175,,강원특별자치도 홍천군 서석면 생곡리 167-2,2025-04-29,7801000,강원특별자치도교육청
7801000,강원특별자치도교육청,7882000,홍천교육지원청,51,강원특별자치도,720,홍천군,반곡초 팔봉분교장,1999,초등학교,대부,560.32,11565,행정과,033-430-1175,,강원특별자치도 홍천군 서면 팔봉리 814-1,2025-04-29,7801000,강원특별자치도교육청
7801000,강원특별자치도교육청,7882000,홍천교육지원청,51,강원특별자치도,720,홍천군,두촌초 장남분교장,1996,초등학교,미활용,0,13959,행정과,033-430-1175,,강원특별자치도 홍천군 두촌면 장남리 473-1,2025-04-29,7801000,강원특별자치도교육청
7801000,강원특별자치도교육청,7882000,홍천교육지원청,51,강원특별자치도,720,홍천군,동창초 신촌분교장,1997,초등학교,대부,188,5112,행정과,033-430-1175,,강원특별자치도 홍천군 내촌면 물걸리 1206-1,2025-04-29,7801000,강원특별자치도교육청
7801000,강원특별자치도교육청,7882000,홍천교육지원청,51,강원특별자치도,720,홍천군,노천초 화방분교장,1994,초등학교,대부,627.67,68086,행정과,033-430-1175,,강원특별자치도 홍천군 동면 노천리 623-1,2025-04-29,7801000,강원특별자치도교육청
7801000,강원특별자치도교육청,7882000,홍천교육지원청,51,강원특별자치도,720,홍천군,내촌초 협성분교장,1999,초등학교,대부,678.41,26713,행정과,033-430-1175,,강원특별자치도 홍천군 두촌면 괘석리 420-1,2025-04-29,7801000,강원특별자치도교육청
7801000,강원특별자치도교육청,7882000,홍천교육지원청,51,강원특별자치도,720,홍천군,내촌초 와야분교장,2009,초등학교,대부,708.05,9535,행정과,033-430-1175,,강원특별자치도 홍천군 내촌면 와야리 881-1,2025-04-29,7801000,강원특별자치도교육청
7801000,강원특별자치도교육청,7882000,홍천교육지원청,51,강원특별자치도,720,홍천군,내촌초 연지분교장,1999,초등학교,대부,0,4102,행정과,033-430-1175,,강원특별자치도 홍천군 내촌면 화상대리 130-1,2025-04-29,7801000,강원특별자치도교육청
7801000,강원특별자치도교육청,7882000,홍천교육지원청,51,강원특별자치도,720,홍천군,군평초,1999,초등학교,대부,874.43,14063,행정과,033-430-1175,,강원특별자치도 홍천군 화촌면 장평리 887-1,2025-04-29,7801000,강원특별자치도교육청
7801000,강원특별자치도교육청,7882000,홍천교육지원청,51,강원특별자치도,720,홍천군,구송초 화성분교장,2007,초등학교,대부,580.8,6456,행정과,033-430-1175,,강원특별자치도 홍천군 화촌면 구성포리 950-2,2025-04-29,7801000,강원특별자치도교육청
7801000,강원특별자치도교육청,7872000,삼척교육지원청,51,강원특별자치도,230,삼척시,도계초 소달분교장,2023,초등학교,미활용,2922.15,34668,행정과,033-570-5175,,강원특별자치도 삼척시 도계읍 고사리 136-1,2025-04-29,7801000,강원특별자치도교육청
7801000,강원특별자치도교육청,7872000,삼척교육지원청,51,강원특별자치도,230,삼척시,근덕초 궁촌분교장,2023,초등학교,미활용,1575.14,6586,행정과,033-570-5175,,강원특별자치도 삼척시 근덕면 궁촌리 397,2025-04-29,7801000,강원특별자치도교육청
7801000,강원특별자치도교육청,7872000,삼척교육지원청,51,강원특별자치도,230,삼척시,장호중,2022,중학교,미활용,1190,9967,행정과,033-570-5175,,강원특별자치도 삼척시 근덕면 장호리 201,2025-04-29,7801000,강원특별자치도교육청
7801000,강원특별자치도교육청,7872000,삼척교육지원청,51,강원특별자치도,230,삼척시,하장초 갈전분교장,2011,초등학교,미활용,0,5394,행정과,033-570-5175,,강원특별자치도 삼척시 하장읍 갈전리 365,2025-04-29,7801000,강원특별자치도교육청
7801000,강원특별자치도교육청,7872000,삼척교육지원청,51,강원특별자치도,230,삼척시,근덕초 동막분교장,2018,초등학교,미활용,1495.15,23783,행정과,033-570-5175,,강원특별자치도 삼척시 근덕면 동막리 381,2025-04-29,7801000,강원특별자치도교육청
7801000,강원특별자치도교육청,7872000,삼척교육지원청,51,강원특별자치도,230,삼척시,근덕초 마읍분교장,2016,초등학교,미활용,501.1,21976,행정과,033-570-5175,,강원특별자치도 삼척시 노곡면 중마읍리 102,2025-04-29,7801000,강원특별자치도교육청
7801000,강원특별자치도교육청,7872000,삼척교육지원청,51,강원특별자치도,230,삼척시,도계초 동덕분교장,2007,초등학교,미활용,2082.88,15427,행정과,033-570-5175,,강원특별자치도 삼척시 도계읍 상덕리 89-1,2025-04-29,7801000,강원특별자치도교육청
7801000,강원특별자치도교육청,7872000,삼척교육지원청,51,강원특별자치도,230,삼척시,미로초 천기분교장,2002,초등학교,미활용,1014.44,7271,행정과,033-570-5175,,강원특별자치도 삼척시 미로면 상정리 187,2025-04-29,7801000,강원특별자치도교육청
7801000,강원특별자치도교육청,7872000,삼척교육지원청,51,강원특별자치도,230,삼척시,미로초 동산분교장,1998,초등학교,미활용,296.64,10179,행정과,033-570-5175,,강원특별자치도 삼척시 미로면 동산리 49-1,2025-04-29,7801000,강원특별자치도교육청
7801000,강원특별자치도교육청,7872000,삼척교육지원청,51,강원특별자치도,230,삼척시,도계여중,2023,중학교,자체활용,4198.6,4198.6,행정과,033-570-5175,,강원특별자치도 삼척시 도계읍  도계리 256,2025-04-29,7801000,강원특별자치도교육청
7801000,강원특별자치도교육청,7872000,삼척교육지원청,51,강원특별자치도,230,삼척시,하장고,2022,고등학교,자체활용,4184,15597,행정과,033-570-5175,,강원특별자치도 삼척시 하장면  광동리 121,2025-04-29,7801000,강원특별자치도교육청
7801000,강원특별자치도교육청,7872000,삼척교육지원청,51,강원특별자치도,230,삼척시,소달중,2018,중학교,대부,2445.2,29707,행정과,033-570-5175,,강원특별자치도 삼척시 도계읍  고사리 197-7,2025-04-29,7801000,강원특별자치도교육청
7801000,강원특별자치도교육청,7872000,삼척교육지원청,51,강원특별자치도,230,삼척시,신동초 마차분교장,2003,초등학교,대부,0,1227,행정과,033-570-5175,,강원특별자치도 삼척시 신기면  마치리 505-2,2025-04-29,7801000,강원특별자치도교육청
7801000,강원특별자치도교육청,7872000,삼척교육지원청,51,강원특별자치도,230,삼척시,하장초 토산분교장,2002,초등학교,대부,274,11043,행정과,033-570-5175,,강원특별자치도 삼척시 하장면  토산리 225,2025-04-29,7801000,강원특별자치도교육청
7801000,강원특별자치도교육청,7872000,삼척교육지원청,51,강원특별자치도,230,삼척시,근덕초 교곡분교장,1999,초등학교,대부,526.3,5875,행정과,033-570-5175,,강원특별자치도 삼척시 근덕면  교곡리 253,2025-04-29,7801000,강원특별자치도교육청
7530000,경기도교육청,7661000,여주교육지원청,41,경기도,670,여주시,대신초옥촌분교장,1999,초등학교,미활용,476,8879,행정과,031-880-2318,경기도 여주시 대신면 대신1로 298,경기도 여주시 대신면 옥촌리 830-1,2025-12-01,7530000,경기도교육청
7530000,경기도교육청,7661000,여주교육지원청,41,경기도,670,여주시,강천초강남분교장,1999,초등학교,미활용,929,12717,행정과,031-880-2318,경기도 여주시 강천면 강천로 324-20,경기도 여주시 강천면 굴암리 9-3,2025-12-01,7530000,경기도교육청
7530000,경기도교육청,7661000,여주교육지원청,41,경기도,670,여주시,점동초당현분교장,1996,초등학교,대부,784,9532,행정과,031-880-2318,경기도 여주시 점동면 성주로 946,경기도 여주시 점동면 당진리 262-1,2025-12-01,7530000,경기도교육청
7530000,경기도교육청,7631000,평택교육지원청,41,경기도,220,평택시,구.송탄고,2025,고등학교,자체활용,8965,18347,재무관리과,031-650-1274,경기도 평택시 정암로 142,경기도 평택시 이충동 137-5,2025-12-01,7530000,경기도교육청
7530000,경기도교육청,7631000,평택교육지원청,41,경기도,220,평택시,구.평택중,2024,초등학교,자체활용,9051,17949,재무관리과,031-650-1274,경기도 평택시 평택2로 101,경기도 평택시 비전동 469-8,2025-12-01,7530000,경기도교육청
7530000,경기도교육청,7631000,평택교육지원청,41,경기도,220,평택시,내기초 신영분교장,2024,초등학교,미활용,1018,12795,재무관리과,031-650-1274,경기도 평택시 포승읍 신영새싹길 86-29,경기도 평택시 포승읍 신영리 269-1,2025-12-01,7530000,경기도교육청
7530000,경기도교육청,7631000,평택교육지원청,41,경기도,220,평택시,서탄초금각분교장,2000,초등학교,대부,914,11343,재무관리과,031-650-1274,경기도 평택시 서탄면 용소금각로 438-14,경기도 평택시 서탄면 금각리 286-4,2025-12-01,7530000,경기도교육청
7530000,경기도교육청,7611000,안산교육지원청,41,경기도,273,안산시,구.경수초,2025,초등학교,자체활용,7447,9202,재무관리과,031-412-4652,경기도 안산시 상록구 삼일로 670,경기도 안산시 상록구 성포동 594-3,2025-12-01,7530000,경기도교육청
7530000,경기도교육청,7611000,안산교육지원청,41,경기도,273,안산시,대동초선감분교장,1990,초등학교,미활용,929,8855,재무관리과,031-412-4652,경기도 안산시 단원구 대부황금로 603,경기도 안산시 단원구 선감동 667-2,2025-12-01,7530000,경기도교육청
7530000,경기도교육청,7611000,안산교육지원청,41,경기도,273,안산시,구.화정초,1994,초등학교,대부,665,5818,재무관리과,031-412-4652,경기도 안산시 단원구 꽃우물길 97,경기도 안산시 단원구 화정동 519,2025-12-01,7530000,경기도교육청
7530000,경기도교육청,7581000,부천교육지원청,41,경기도,190,부천시,구.복사초,2024,초등학교,자체활용,4877,11328,재무관리과,032-620-0297,경기도 부천시 소사구 소사로 96,경기도 부천시 소사구 소사본동 405,2025-12-01,7530000,경기도교육청
7530000,경기도교육청,7581000,부천교육지원청,41,경기도,190,부천시,부천덕산초대장분교장,2021,초등학교,대부,1357,9576,재무관리과,032-620-0297,경기도 부천시 대장로 92,경기도 부천시 대장동 196-1,2025-12-01,7530000,경기도교육청
7530000,경기도교육청,7551000,성남교육지원청,41,경기도,131,성남시,구.청솔중,2025,중학교,미활용,11055,15396,재무관리과,031-780-2618,경기도 성남시 분당구 금곡로 283,경기도 성남시 분당구 금곡동 124,2025-12-01,7530000,경기도교육청
7530000,경기도교육청,7551000,성남교육지원청,41,경기도,131,성남시,구.영성여중,2017,중학교,자체활용,7411,14195,재무관리과,031-780-2618,경기도 성남시 수정구 수정로 386,경기도 성남시 수정구 산성동 5,2025-12-01,7530000,경기도교육청
7530000,경기도교육청,7541000,수원교육지원청,41,경기도,110,수원시,구.영동중,2025,중학교,미활용,2727,23382,재무관리과,031-250-1483,경기도 수원시 영통구 영통로 225,경기도 수원시 영통구 신동 330-1,2025-12-01,7530000,경기도교육청
9010000,경상남도교육청,9181000,하동교육지원청,48,경상남도,850,하동군,구)양보초등학교,1999,초등학교,자체활용,9934,11608,교육재정담당,055-880-1974,경상남도 하동군 양보면 진양로 1097,경상남도 하동군 양보면 장암리 583,2025-12-01,9010000,경상남도교육청
9010000,경상남도교육청,9161000,고성교육지원청,48,경상남도,820,고성군,삼락초등학교,1999,초등학교,자체활용,1325,15984,교육재정담당,055-670-8183,경상남도 고성군 마암면 남해안대로 3325,경상남도 고성군 마암면 삼락리 180,2025-12-01,9010000,경상남도교육청
9010000,경상남도교육청,9022000,창원교육지원청,48,경상남도,125,마산합포구,진전초등학교여항분교장,1999,초등학교,자체활용,2080,32181,재산관리담당,055-210-0562,경상남도 창원시 마산합포구 진전면 의산삼일로 234-23,경상남도 창원시 마산합포구 진전면 고사리 542,2025-12-01,9010000,경상남도교육청
9010000,경상남도교육청,9101000,밀양교육지원청,48,경상남도,270,밀양시,초동중학교,2015,중학교,자체활용,2233,14462,교육재정담당,055-350-1583,경상남도 밀양시 초동면 성만1길 8,경상남도 밀양시 초동면 성만리 624-2,2025-12-01,9010000,경상남도교육청
9010000,경상남도교육청,9201000,함양교육지원청,48,경상남도,870,함양군,안의초등학교대지분교장,1997,초등학교,자체활용,4804,10903,교육재정담당,055-960-2776,경상남도 함양군 안의면 용추계곡로 119,경상남도 함양군 안의면 신안리 975,2025-12-01,9010000,경상남도교육청
9010000,경상남도교육청,9201000,함양교육지원청,48,경상남도,870,함양군,석복초등학교,1999,초등학교,자체활용,2090,11496,교육재정담당,055-960-2776,경상남도 함양군 함양읍 함양로 911,경상남도 함양군 함양읍 삼산리 29-3,2025-12-01,9010000,경상남도교육청
9010000,경상남도교육청,9101000,밀양교육지원청,48,경상남도,270,밀양시,수산초등학교하남대사분교장,2013,초등학교,자체활용,1733,17891,교육재정담당,055-350-1583,경상남도 밀양시 하남읍 대사길 77,경상남도 밀양시 하남읍 대사리 242-2,2025-12-01,9010000,경상남도교육청
9010000,경상남도교육청,9101000,밀양교육지원청,48,경상남도,270,밀양시,인산초등학교,1993,초등학교,자체활용,0,8550,교육재정담당,055-350-1583,경상남도 밀양시 청도면 창밀로 2232,경상남도 밀양시 청도면 인산리 667-1,2025-12-01,9010000,경상남도교육청
9010000,경상남도교육청,9101000,밀양교육지원청,48,경상남도,270,밀양시,밀양중학교청도분교장,2014,중학교,자체활용,0,17146,교육재정담당,055-350-1583,경상남도 밀양시 청도면 창밀로 2232,경상남도 밀양시 청도면 인산리 667-1,2025-12-01,9010000,경상남도교육청
9010000,경상남도교육청,9101000,밀양교육지원청,48,경상남도,270,밀양시,상남중학교,2015,중학교,자체활용,0,11806,교육재정담당,055-350-1583,경상남도 밀양시 상남면 평촌중앙로 61-6,경상남도 밀양시 상남면 평촌리 735,2025-12-01,9010000,경상남도교육청
7530000,경기도교육청,7731000,양평교육지원청,41,경기도,830,양평군,계정초,2007,초등학교,미활용,1171,8598,행정과,031-770-5683,경기도 양평군 양동면 구창말길 2,경기도 양평군 양동면 계정리 1000,2025-12-01,7530000,경기도교육청
7530000,경기도교육청,7731000,양평교육지원청,41,경기도,830,양평군,지평초일신분교장,2011,초등학교,대부,1180,7327,행정과,031-770-5683,경기도 양평군 지평면 구둔영화체험길 17,경기도 양평군 지평면 일신리 674,2025-12-01,7530000,경기도교육청
7530000,경기도교육청,7731000,양평교육지원청,41,경기도,830,양평군,양동초매월분교장,2007,초등학교,대부,923,8894,행정과,031-770-5683,경기도 양평군 양동면 월은길 31,경기도 양평군 양동면 매월리 803-1,2025-12-01,7530000,경기도교육청
7530000,경기도교육청,7731000,양평교육지원청,41,경기도,830,양평군,양평부안초,2004,초등학교,대부,1110,9709,행정과,031-770-5683,경기도 양평군 단월면 단월로 302-17,경기도 양평군 단월면 부안리 236-1,2025-12-01,7530000,경기도교육청
7530000,경기도교육청,7731000,양평교육지원청,41,경기도,830,양평군,양평단월초산음분교장,2001,초등학교,대부,723,7175,행정과,031-770-5683,경기도 양평군 단월면 봉미산샘골길 1,경기도 양평군 단월면 산음리 231-1,2025-12-01,7530000,경기도교육청
7530000,경기도교육청,7731000,양평교육지원청,41,경기도,830,양평군,석장초,1996,초등학교,대부,1009,7452,행정과,031-770-5683,경기도 양평군 개군면 석장길 60-6,경기도 양평군 개군면 석장리 177,2025-12-01,7530000,경기도교육청
7530000,경기도교육청,7731000,양평교육지원청,41,경기도,830,양평군,부안초명성분교장,1995,초등학교,대부,390,5040,행정과,031-770-5683,경기도 양평군 단월면 분지울2길 6-4,경기도 양평군 단월면 명성리 144-2,2025-12-01,7530000,경기도교육청
7530000,경기도교육청,7731000,양평교육지원청,41,경기도,830,양평군,청운초신론분교장,1994,초등학교,대부,1412,4999,행정과,031-770-5683,경기도 양평군 청운면 신론로 346,경기도 양평군 청운면 신론리 291-3,2025-12-01,7530000,경기도교육청
7530000,경기도교육청,7731000,양평교육지원청,41,경기도,830,양평군,강남초,1994,초등학교,대부,756,11613,행정과,031-770-5683,경기도 양평군 강하면 동오3길 21,경기도 양평군 강하면 동오리 178-1,2025-12-01,7530000,경기도교육청
7530000,경기도교육청,7731000,양평교육지원청,41,경기도,830,양평군,금왕초,1994,초등학교,대부,1088,10319,행정과,031-770-5683,경기도 양평군 양동면 양동로 1112,경기도 양평군 양동면 금왕리 732,2025-12-01,7530000,경기도교육청
7530000,경기도교육청,7692000,광주하남교육지원청,41,경기도,610,광주시,탄벌초목현분교장,1995,초등학교,자체활용,0,6625,재무관리과,031-760-4057,,경기도 광주시 목현동 418-1,2025-12-01,7530000,경기도교육청
7530000,경기도교육청,7692000,광주하남교육지원청,41,경기도,610,광주시,도수초삼성분교장,1995,초등학교,자체활용,291,3094,재무관리과,031-760-4057,경기도 광주시 남종면 태허정로437-45,경기도 광주시 남종면 삼성리 347,2025-12-01,7530000,경기도교육청
7530000,경기도교육청,7692000,광주하남교육지원청,41,경기도,610,광주시,분원초검천분교장,1995,초등학교,대부,775,7307,재무관리과,031-760-4057,경기도 광주시 남종면 산수로2600,경기도 광주시 남종면 검천리 114-1,2025-12-01,7530000,경기도교육청
7530000,경기도교육청,7692000,광주하남교육지원청,41,경기도,610,광주시,만선초봉현분교장,1995,초등학교,대부,0,5999,재무관리과,031-760-4057,,경기도 광주시 곤지암읍 봉현리 118-1,2025-12-01,7530000,경기도교육청
7530000,경기도교육청,7679000,화성오산교육지원청,41,경기도,590,화성시,장명초장일분교장,2025,초등학교,미활용,1013,9893,재무관리과,031-371-0752,경기도 화성시 장안면 온수골2길 18,경기도 화성시 장안면 장안리 1075-87,2025-12-01,7530000,경기도교육청
7530000,경기도교육청,7679000,화성오산교육지원청,41,경기도,590,화성시,서신초제부분교장,2020,초등학교,미활용,2765,13588,재무관리과,031-371-0752,경기도 화성시 서신면 제부말길 74,경기도 화성시 서신면 제부리 23-1,2025-12-01,7530000,경기도교육청
7530000,경기도교육청,7679000,화성오산교육지원청,41,경기도,590,화성시,구.상신초,2017,초등학교,대부,3087,14229,재무관리과,031-371-0752,경기도 화성시 향남읍 상신초교길 52,경기도 화성시 향남읍 상신리 874,2025-12-01,7530000,경기도교육청
7530000,경기도교육청,7679000,화성오산교육지원청,41,경기도,590,화성시,창문초,2000,초등학교,대부,1432,13721,재무관리과,031-371-0752,경기도 화성시 남양읍 남양로1405번길 9,경기도 화성시 남양읍 수화리 236,2025-12-01,7530000,경기도교육청
7530000,경기도교육청,7679000,화성오산교육지원청,41,경기도,590,화성시,마산초어도분교장,1994,초등학교,대부,0,3534,재무관리과,031-371-0752,경기도 화성시 송산면 어섬길259번길 64,경기도 화성시 송산면 고포리 826-1,2025-12-01,7530000,경기도교육청
7530000,경기도교육청,7679000,화성오산교육지원청,41,경기도,590,화성시,정문초,1994,초등학교,대부,1193,11232,재무관리과,031-371-0752,경기도 화성시 정남면 계향북길 104,경기도 화성시 정남면 계향리 411,2025-12-01,7530000,경기도교육청
7530000,경기도교육청,7679000,화성오산교육지원청,41,경기도,590,화성시,비봉초유포분교장,1992,초등학교,대부,267,4469,재무관리과,031-371-0752,경기도 화성시 비봉면 남이로당곡말길 34-11,경기도 화성시 비봉면 유포리 307,2025-12-01,7530000,경기도교육청
7530000,경기도교육청,7661000,여주교육지원청,41,경기도,670,여주시,북내초운암분교장,2025,초등학교,미활용,858,13529,행정과,031-880-2318,경기도 여주시 북내면 당전로 284,경기도 여주시 북내면 중암리 634-1,2025-12-01,7530000,경기도교육청
7530000,경기도교육청,7661000,여주교육지원청,41,경기도,670,여주시,점동초안평분교장,2009,초등학교,미활용,712,7290,행정과,031-880-2318,경기도 여주시 점동면 안평로 296,경기도 여주시 점동면 장안리 478,2025-12-01,7530000,경기도교육청
7530000,경기도교육청,7661000,여주교육지원청,41,경기도,670,여주시,북내초주암분교장,2017,초등학교,미활용,1124,12338,행정과,031-880-2318,경기도 여주시 북내면 주암길 14,경기도 여주시 북내면 주암리 173,2025-12-01,7530000,경기도교육청
7530000,경기도교육청,7661000,여주교육지원청,41,경기도,670,여주시,점동초뇌곡분교장,2012,초등학교,대부,1110,10115,행정과,031-880-2318,경기도 여주시 점동면 성주로 584,경기도 여주시 점동면 뇌곡리 172-1,2025-12-01,7530000,경기도교육청
7530000,경기도교육청,7661000,여주교육지원청,41,경기도,670,여주시,강천초걸은분교장,2002,초등학교,미활용,846,12256,행정과,031-880-2318,경기도 여주시 강천면 마감로 117-14,경기도 여주시 강천면 걸은리 625-1,2025-12-01,7530000,경기도교육청
8750000,경상북도교육청,8791000,안동교육지원청,47,경상북도,170,안동시,풍서초등학교,2016,초등학교,대부,1664,14892,행정지원과,054-851-9133,경상북도 안동시 풍천면 가일선원길 73,경상북도 안동시 풍천면 가곡리 595,2025-06-21,8791000,경상북도교육청 경상북도안동교육지원청
8750000,경상북도교육청,8791000,안동교육지원청,47,경상북도,170,안동시,와룡초등학교나소분교장,1995,초등학교,대부,787,12833,행정지원과,054-851-9133,경상북도 안동시 와룡면 농암로 637-21,경상북도 안동시 와룡면 라소리 산176-4,2025-06-21,8791000,경상북도교육청 경상북도안동교육지원청
8750000,경상북도교육청,8791000,안동교육지원청,47,경상북도,170,안동시,화남초등학교,1995,초등학교,대부,778,9137,행정지원과,054-851-9133,경상북도 안동시 풍천면 풍일로 1369,경상북도 안동시 풍천면 어담리 239,2025-06-21,8791000,경상북도교육청 경상북도안동교육지원청
8750000,경상북도교육청,8791000,안동교육지원청,47,경상북도,170,안동시,녹남초등학교,1994,초등학교,대부,636,8652,행정지원과,054-851-9133,경상북도 안동시 녹전면 사신길 293-10,경상북도 안동시 녹전면 사신리 455-5,2025-06-21,8791000,경상북도교육청 경상북도안동교육지원청
8750000,경상북도교육청,8791000,안동교육지원청,47,경상북도,170,안동시,임동초등학교고천분교장,1994,초등학교,대부,0,260154,행정지원과,054-851-9133,경상북도 안동시 임동면 고천지촌로 252,경상북도 안동시 임동면 고천리 102-1,2025-06-21,8791000,경상북도교육청 경상북도안동교육지원청
7530000,경기도교육청,7761000,안성교육지원청,41,경기도,550,안성시,공제초,1996,초등학교,미활용,1111,18591,행정과,031-678-5271,경기도 안성시 공도읍 웅교3길 27,경기도 안성시 공도읍 불당리 63-2,2025-12-01,7530000,경기도교육청
7530000,경기도교육청,7761000,안성교육지원청,41,경기도,550,안성시,장암초금산분교장,1995,초등학교,대부,696,9371,행정과,031-678-5271,경기도 안성시 일죽면 일생로 275,경기도 안성시 일죽면 금산리 232-1,2025-12-01,7530000,경기도교육청
7530000,경기도교육청,7761000,안성교육지원청,41,경기도,550,안성시,양성초방축분교장,1994,초등학교,대부,721,5636,행정과,031-678-5271,경기도 안성시 양성면 한내로 499,경기도 안성시 양성면 방축리 187-1,2025-12-01,7530000,경기도교육청
7530000,경기도교육청,7761000,안성교육지원청,41,경기도,550,안성시,고삼초고동분교장,1994,초등학교,대부,0,10635,행정과,031-678-5271,경기도 안성시 고삼면 사동길 32,경기도 안성시 고삼면 쌍지리 769-2,2025-12-01,7530000,경기도교육청
7530000,경기도교육청,7751000,용인교육지원청,41,경기도,463,용인시,기흥중,2019,중학교,자체활용,6495,12972,경기학생스포츠센터,031-693-6296,경기도 용인시 기흥구 신갈로138번길 23,경기도 용인시 기흥구 신갈동 2-3,2025-12-01,7530000,경기도교육청
7530000,경기도교육청,7751000,용인교육지원청,41,경기도,463,용인시,남곡초 남곡분교장,2024,초등학교,자체활용,2068,17634,재무관리과,031-8020-9357,경기도 용인시 처인구 남사읍 남산로 7,경기도 용인시 처인구 남사읍 아곡리 506,2025-12-01,7530000,경기도교육청
7530000,경기도교육청,7751000,용인교육지원청,41,경기도,463,용인시,어정초동진원분교장,1999,초등학교,대부,0,2387,재무관리과,031-8020-9357,경기도 용인시 기흥구 언동로 125번길 9-4,경기도 용인시 기흥구 중동 669,2025-12-01,7530000,경기도교육청
7530000,경기도교육청,7751000,용인교육지원청,41,경기도,463,용인시,남사초서촌분교장,1991,초등학교,대부,0,10169,재무관리과,031-8020-9357,경기도 용인시 처인구 남사읍 통삼로 282-19,경기도 용인시 처인구 남사읍 통삼리 238-2,2025-12-01,7530000,경기도교육청
7530000,경기도교육청,7741000,이천교육지원청,41,경기도,500,이천시,진가초모가분교장,2010,초등학교,미활용,13,19565,행정과,031-639-5673,경기도 이천시 모가면 사실로 1035,경기도 이천시 모가면 신갈리 165-2,2025-12-01,7530000,경기도교육청
7530000,경기도교육청,7741000,이천교육지원청,41,경기도,500,이천시,부발초백록분교장,2017,초등학교,자체활용,1756,14527,행정과,031-639-5673,경기도 이천시 부발읍 두무재로79번길 21-22,경기도 이천시 부발읍 고백리 42-3,2025-12-01,7530000,경기도교육청
7530000,경기도교육청,7741000,이천교육지원청,41,경기도,500,이천시,율면초월포분교장,1994,초등학교,대부,403,9953,행정과,031-639-5673,경기도 이천시 율면 임오산로362번길 74-1,경기도 이천시 율면 월포리 610-1,2025-12-01,7530000,경기도교육청
7530000,경기도교육청,7731000,양평교육지원청,41,경기도,830,양평군,청운초갈운분교장,2000,초등학교,미활용,799,8206,행정과,031-770-5683,경기도 양평군 청운면 경강로 4867,경기도 양평군 청운면 갈운리 472,2025-12-01,7530000,경기도교육청
8750000,경상북도교육청,8791000,안동교육지원청,47,경상북도,170,안동시,일직초등학교평촌분교장,2000,초등학교,대부,49,8713,행정지원과,054-851-9133,경상북도 안동시 일직면 평팔명진길 201,경상북도 안동시 일직면 명진리 313,2025-06-21,8791000,경상북도교육청 경상북도안동교육지원청
8750000,경상북도교육청,8791000,안동교육지원청,47,경상북도,170,안동시,풍동초등학교,1999,초등학교,미활용,853,7212,행정지원과,054-851-9133,경상북도 안동시 풍산읍 풍산태사로 1708-3,경상북도 안동시 풍산읍 회곡리 695,2025-06-21,8791000,경상북도교육청 경상북도안동교육지원청
8750000,경상북도교육청,8791000,안동교육지원청,47,경상북도,170,안동시,서후초등학교대흥분교장,2022,초등학교,미활용,709.93,8565,행정지원과,054-851-9133,경상북도 안동시 서후면 대두서6길 12,경상북도 안동시 서후면 대두서리 61,2025-06-21,8791000,경상북도교육청 경상북도안동교육지원청
8750000,경상북도교육청,8791000,안동교육지원청,47,경상북도,170,안동시,임동중학교,2018,중학교,미활용,1872,31150,행정지원과,054-851-9133,경상북도 안동시 임동면 편항길 53,경상북도 안동시 임동면 중평리 948,2025-06-21,8791000,경상북도교육청 경상북도안동교육지원청
8750000,경상북도교육청,8791000,안동교육지원청,47,경상북도,170,안동시,원림초등학교,1995,초등학교,대부,0,10002,행정지원과,054-851-9133,경상북도 안동시 남선면 놉실로 194,경상북도 안동시 남선면 원림리 358-3,2025-06-21,8791000,경상북도교육청 경상북도안동교육지원청
8750000,경상북도교육청,8791000,안동교육지원청,47,경상북도,170,안동시,월곡초등학교동계분교장,1993,초등학교,대부,0,8510,행정지원과,054-851-9133,경상북도 안동시 예안면 부포로 31,경상북도 안동시 예안면 태곡리 688,2025-06-21,8791000,경상북도교육청 경상북도안동교육지원청
8750000,경상북도교육청,8791000,안동교육지원청,47,경상북도,170,안동시,도산중학교,2018,중학교,자체활용,0,25293,행정지원과,054-851-9133,경상북도 안동시 도산면 온천로 620-4,경상북도 안동시 도산면 온혜리 923,2025-06-21,8791000,경상북도교육청 경상북도안동교육지원청
8750000,경상북도교육청,8791000,안동교육지원청,47,경상북도,170,안동시,풍천중학교,2016,중학교,자체활용,0,18549,행정지원과,054-851-9133,경상북도 안동시 풍천면 지풍로 1434-11,경상북도 안동시 풍천면 도양리 산106-1,2025-06-21,8791000,경상북도교육청 경상북도안동교육지원청
8750000,경상북도교육청,8791000,안동교육지원청,47,경상북도,170,안동시,길주중학교녹전분교장,2018,중학교,대부,1551,13104,행정지원과,054-851-9133,경상북도 안동시 녹전면 온천로 27,경상북도 안동시 녹전면 신평리 756,2025-06-21,8791000,경상북도교육청 경상북도안동교육지원청
8750000,경상북도교육청,8791000,안동교육지원청,47,경상북도,170,안동시,안동중학교인계분교장,2018,중학교,미활용,1556,42055,행정지원과,054-851-9133,경상북도 안동시 예안면 농암로 2055,경상북도 안동시 예안면 인계리 산19-5,2025-06-21,8791000,경상북도교육청 경상북도안동교육지원청
8750000,경상북도교육청,8791000,안동교육지원청,47,경상북도,170,안동시,안동중학교와룡분교장,2018,중학교,미활용,0,42816,행정지원과,054-851-9133,경상북도 안동시 와룡면 장수골길 17,경상북도 안동시 와룡면 지내리 산25,2025-06-21,8791000,경상북도교육청 경상북도안동교육지원청
8750000,경상북도교육청,8791000,안동교육지원청,47,경상북도,170,안동시,풍천초등학교,2016,초등학교,대부,1415,11014,행정지원과,054-851-9133,경상북도 안동시 풍천면 봉호로 3626,경상북도 안동시 풍천면 구담리 544-2,2025-06-21,8791000,경상북도교육청 경상북도안동교육지원청
8140000,충청남도교육청,8201000,충청남도금산교육지원청,44,충청남도,710,금산군,복수초등학교용진분교장,2011,초등학교,미활용,1062,10368,행정과,041-750-8884,충청남도 금산군 복수면 용진길 2,충청남도 금산군 복수면 용진리 405-1,2025-09-10,8201000,충청남도교육청 충청남도금산교육지원청
8140000,충청남도교육청,8281000,충청남도태안교육지원청,44,충청남도,825,태안군,창기중학교,2024,중학교,미활용,2395.6,12714,행정과(경리팀),041-670-8135,충청남도 태안군 안면읍 황도로 3-16,충청남도 태안군 안면읍 창기리 1115-15,2025-09-03,8281000,충청남도교육청 충청남도태안교육지원청
8140000,충청남도교육청,8281000,충청남도태안교육지원청,44,충청남도,825,태안군,소원초등학교 의항분교장,2023,초등학교,미활용,736.15,5974,행정과(경리팀),041-670-8135,충청남도 태안군 소원면 송의로 691,충청남도 태안군 소원면 의항리 337,2025-09-03,8281000,충청남도교육청 충청남도태안교육지원청
8140000,충청남도교육청,8281000,충청남도태안교육지원청,44,충청남도,825,태안군,원북초등학교방갈분교장,2021,초등학교,미활용,0,7256,행정과(경리팀),041-670-8135,충청남도 태안군 원북면 옥파로 813,충청남도 태안군 원북면 방갈리 202,2025-09-03,8281000,충청남도교육청 충청남도태안교육지원청
8140000,충청남도교육청,8281000,충청남도태안교육지원청,44,충청남도,825,태안군,고남초등학교영항분교장,1999,초등학교,미활용,0,12797,행정과(경리팀),041-670-8135,충청남도 태안군 고남면 탄개길 17-8,충청남도 태안군 고남면 고남리 96-4,2025-09-03,8281000,충청남도교육청 충청남도태안교육지원청
8140000,충청남도교육청,8251000,충청남도청양교육지원청,44,충청남도,790,청양군,화성중학교,2025,중학교,자체활용,0,24470,행정과,041-943-4472,충청남도 청양군 화성면 무한로 226-15(화성면),충청남도 청양군 화성면 구재리 156-3,2025-09-08,8251000,충청남도교육청 충청남도청양교육지원청
8140000,충청남도교육청,8251000,충청남도청양교육지원청,44,충청남도,790,청양군,미당초등학교,2025,중학교,자체활용,0,11072,행정과,041-943-4472,"충청남도 청양군 장평면 낙지미당로 543-53(장평면, 미당초등학교)",충청남도 청양군 장평면 미당리 38,2025-09-08,8251000,충청남도교육청 충청남도청양교육지원청
8140000,충청남도교육청,8251000,충청남도청양교육지원청,44,충청남도,790,청양군,장평중학교,2020,중학교,자체활용,0,19427,행정과,041-943-4472,충청남도 청양군 장평면 섶적골길 14(중추리),충청남도 청양군 장평면 중추리 14,2025-09-08,8251000,충청남도교육청 충청남도청양교육지원청
8140000,충청남도교육청,8291000,충청남도당진교육지원청,44,충청남도,568,당진시,도성초,2014,초등학교,대부,1425,11510,행정과 경리팀,041-351-2581,충청남도 당진시 대호지면 대호로 470,충청남도 당진시 대호지면 사성리 35-1,2025-09-16,8291000,충청남도교육청 충청남도당진교육지원청
8140000,충청남도교육청,8291000,충청남도당진교육지원청,44,충청남도,568,당진시,용연초,2000,초등학교,자체활용,964,10940,행정과 경리팀,041-351-2581,충청남도 당진시 용연로 19-17,충청남도 당진시 용연동 855-1,2025-09-16,8291000,충청남도교육청 충청남도당진교육지원청
8140000,충청남도교육청,8291000,충청남도당진교육지원청,44,충청남도,568,당진시,면천초 죽동분교,1994,초등학교,자체활용,992,10702,행정과 경리팀,041-351-2581,충청남도 당진시 면천면 아미로 354-29,충청남도 당진시 면천면 죽동리 347-1,2025-09-16,8291000,충청남도교육청 충청남도당진교육지원청
8321000,전북특별자치도교육청,8462000,전북특별자치도부안교육지원청,52,전북특별자치도,800,부안군,위도초 식도분교,2024,초등학교,자체활용,361,4203,행정지원과,063-580-7474,,전북특별자치도 부안군 위도면 식도리 269,2025-07-25,8321000,전북특별자치도교육청
8321000,전북특별자치도교육청,8462000,전북특별자치도부안교육지원청,52,전북특별자치도,800,부안군,위도초 거륜분교,1992,초등학교,미활용,0,992,행정지원과,063-580-7474,,전북특별자치도 부안군 위도면 거륜리 산2-1,2025-07-25,8321000,전북특별자치도교육청
8321000,전북특별자치도교육청,8462000,전북특별자치도부안교육지원청,52,전북특별자치도,800,부안군,위도초 하왕분교,1992,초등학교,미활용,0,1121,행정지원과,063-580-7474,,전북특별자치도 부안군 위도면 하왕등리 산71,2025-07-25,8321000,전북특별자치도교육청
8321000,전북특별자치도교육청,8462000,전북특별자치도부안교육지원청,52,전북특별자치도,800,부안군,위도초 상왕분교,1992,초등학교,미활용,0,198,행정지원과,063-580-7474,,전북특별자치도 부안군 위도면 상왕등리 산143,2025-07-25,8321000,전북특별자치도교육청
8321000,전북특별자치도교육청,8462000,전북특별자치도부안교육지원청,52,전북특별자치도,800,부안군,주산중,2024,중학교,자체활용,2387,18941,행정지원과,063-580-7474,전북특별자치도 부안군 주산면 주산로 30,전북특별자치도 부안군 주산면 갈촌리 357-11,2025-07-25,8321000,전북특별자치도교육청
8321000,전북특별자치도교육청,8462000,전북특별자치도부안교육지원청,52,전북특별자치도,800,부안군,계화초,2024,초등학교,자체활용,2027,15570,행정지원과,063-580-7474,전북특별자치도 부안군 계화면 계화로 475,전북특별자치도 부안군 계화면 계화리 233,2025-07-25,8321000,전북특별자치도교육청
8321000,전북특별자치도교육청,8462000,전북특별자치도부안교육지원청,52,전북특별자치도,800,부안군,백련초,2024,초등학교,자체활용,1964,16557,행정지원과,063-580-7474,전북특별자치도 부안군 하서면 변산로 1203,전북특별자치도 부안군 하서면 백련리 555-3,2025-07-25,8321000,전북특별자치도교육청
8321000,전북특별자치도교육청,8462000,전북특별자치도부안교육지원청,52,전북특별자치도,800,부안군,하서초,2024,초등학교,자체활용,1432,16791,행정지원과,063-580-7474,전북특별자치도 부안군 하서면 서당로 99,전북특별자치도 부안군 하서면 청호리 598-1,2025-07-25,8321000,전북특별자치도교육청
8321000,전북특별자치도교육청,8462000,전북특별자치도부안교육지원청,52,전북특별자치도,800,부안군,보안초,2010,초등학교,자체활용,1257.34,11640,행정지원과,063-580-7474,전북특별자치도 부안군 보안면 선돌로 1060,전북특별자치도 부안군 보안면 하입석리 573-2,2025-07-25,8321000,전북특별자치도교육청
8321000,전북특별자치도교육청,8462000,전북특별자치도부안교육지원청,52,전북특별자치도,800,부안군,고성초,2006,초등학교,자체활용,2025.8,19579,행정지원과,063-580-7474,전북특별자치도 부안군 행안면 월암길 49,전북특별자치도 부안군 행안면 삼간리 405-1,2025-07-25,8321000,전북특별자치도교육청
8321000,전북특별자치도교육청,8462000,전북특별자치도부안교육지원청,52,전북특별자치도,800,부안군,주산초 덕림분교,1999,초등학교,자체활용,509.04,12334,행정지원과,063-580-7474,전북특별자치도 부안군 주산면 덕림로 234,전북특별자치도 부안군 주산면 덕림리 487-30,2025-07-25,8321000,전북특별자치도교육청
8321000,전북특별자치도교육청,8462000,전북특별자치도부안교육지원청,52,전북특별자치도,800,부안군,주산초 석계분교,1998,초등학교,자체활용,566.45,12438,행정지원과,063-580-7474,전북특별자치도 부안군 주산면 주산북로 214,전북특별자치도 부안군 주산면 백석리 579-7,2025-07-25,8321000,전북특별자치도교육청
8321000,전북특별자치도교육청,8462000,전북특별자치도부안교육지원청,52,전북특별자치도,800,부안군,난신초,1997,초등학교,자체활용,930.84,12005,행정지원과,063-580-7474,전북특별자치도 부안군 줄포면 장산로 264-12,전북특별자치도 부안군 줄포면 신리 300,2025-07-25,8321000,전북특별자치도교육청
8321000,전북특별자치도교육청,8452000,전북특별자치도고창교육지원청,52,전북특별자치도,790,고창군,선동초,2025,초등학교,자체활용,1773,18328,행정지원과,063-560-1653,전북특별자치도 고창군 공음면 청보리로 1010,전북특별자치도 고창군 공음면 선동리 615-1,2025-07-25,8321000,전북특별자치도교육청
8321000,전북특별자치도교육청,8452000,전북특별자치도고창교육지원청,52,전북특별자치도,790,고창군,대성고,2004,고등학교,자체활용,2505.62,19004,행정지원과,063-560-1653,전북특별자치도 고창군 대산면 고산성로 17,전북특별자치도 고창군 대산면 매산리 1157-1,2025-07-25,8321000,전북특별자치도교육청
8321000,전북특별자치도교육청,8442000,전북특별자치도순창교육지원청,52,전북특별자치도,770,순창군,구림중,2010,중학교,자체활용,2548.13,16477,행정지원과,063-650-6133,전북특별자치도 순창군 구림면 연산2길 26-47,전북특별자치도 순창군 구림면 운남리 52,2025-07-25,8321000,전북특별자치도교육청
8321000,전북특별자치도교육청,8432000,전북특별자치도임실교육지원청,52,전북특별자치도,750,임실군,신덕초,2025,초등학교,자체활용,1555,18956,행정지원과,063-640-3554,전북특별자치도 임실군 신덕면 수지로 56,전북특별자치도 임실군 신덕면 수천리 840,2025-07-25,8321000,전북특별자치도교육청
8321000,전북특별자치도교육청,8432000,전북특별자치도임실교육지원청,52,전북특별자치도,750,임실군,임실서초,1996,초등학교,자체활용,1098.43,12739,행정지원과,063-640-3554,전북특별자치도 임실군 임실읍 신안2길 42-5,전북특별자치도 임실군 임실읍 신안리 325,2025-07-25,8321000,전북특별자치도교육청
8321000,전북특별자치도교육청,8432000,전북특별자치도임실교육지원청,52,전북특별자치도,750,임실군,오궁초,1995,초등학교,자체활용,1457.68,10323,행정지원과,063-640-3554,전북특별자치도 임실군 신덕면 수지로 667,전북특별자치도 무주군 신덕면 지장리 45,2025-07-25,8321000,전북특별자치도교육청
8321000,전북특별자치도교육청,8432000,전북특별자치도장수교육지원청,52,전북특별자치도,740,장수군,원촌초,2010,초등학교,자체활용,988.72,10973,행정지원과,063-350-5252,전북특별자치도 장수군 계북면 장무로 1326,전북특별자치도 무주군 계북면 원촌리 1247,2025-07-25,8321000,전북특별자치도교육청
8321000,전북특별자치도교육청,8412000,전북특별자치도무주교육지원청　,52,전북특별자치도,730,무주군,삼방초,2008,초등학교,자체활용,670.69,11229,행정지원과,063-320-5182,전북특별자치도 무주군 적상면 상비길 8-14,전북특별자치도 무주군 적상면 삼유리 572,2025-07-25,8321000,전북특별자치도교육청
8321000,전북특별자치도교육청,8412000,전북특별자치도무주교육지원청　,52,전북특별자치도,730,무주군,내도초,1997,초등학교,자체활용,752.5,8806,행정지원과,063-320-5182,전북특별자치도 무주군 무주읍 내도로 582,전북특별자치도 무주군 무주읍 내도리 133-1,2025-07-25,8321000,전북특별자치도교육청
8321000,전북특별자치도교육청,8412000,전북특별자치도무주교육지원청　,52,전북특별자치도,730,무주군,금평초,1991,초등학교,자체활용,988.72,11710,행정지원과,063-320-5182,전북특별자치도 무주군 무풍면 금척로 62-11,전북특별자치도 무주군 무풍면 금평리 1537,2025-07-25,8321000,전북특별자치도교육청
8321000,전북특별자치도교육청,8392000,전북특별자치도완주교육지원청,52,전북특별자치도,710,완주군,삼례동초,2024,초등학교,자체활용,2264,21150,행정지원과,063-270-7672,전북특별자치도 완주군 삼례읍 구와로 13,전북특별자치도 완주군 삼례읍 석전리 832,2025-07-25,8321000,전북특별자치도교육청
8321000,전북특별자치도교육청,8382000,전북특별자치도김제교육지원청,52,전북특별자치도,210,김제시,심창초,2025,초등학교,자체활용,2312,18403,행정지원과,063-540-2522,전북특별자치도 김제시 지평선로 1295,전북특별자치도 김제시 진봉면 심포리 356,2025-07-25,8321000,전북특별자치도교육청
8321000,전북특별자치도교육청,8382000,전북특별자치도김제교육지원청,52,전북특별자치도,210,김제시,화율초,2024,초등학교,자체활용,712,8341,행정지원과,063-540-2522,전북특별자치도 김제시 금산면 수류로 587,전북특별자치도 김제시 금산면 금성리 46,2025-07-25,8321000,전북특별자치도교육청
8321000,전북특별자치도교육청,8382000,전북특별자치도김제교육지원청,52,전북특별자치도,210,김제시,금남초,2024,초등학교,자체활용,876,13615,행정지원과,063-540-2522,전북특별자치도 김제시 금산면 송율길 239-8,전북특별자치도 김제시 금산면 용산리 405,2025-07-25,8321000,전북특별자치도교육청
8321000,전북특별자치도교육청,8372000,전북특별자치도남원교육지원청,52,전북특별자치도,190,남원시,수지중,2024,중학교,자체활용,1018,23685,행정지원과,063-620-7865,전북특별자치도 남원시 수지면 고주로 531-9,전북특별자치도 남원시 수지면 산정리 584-10,2025-07-25,8321000,전북특별자치도교육청
8321000,전북특별자치도교육청,8372000,전북특별자치도남원교육지원청,52,전북특별자치도,190,남원시,송북초,1995,초등학교,자체활용,670.69,14321,행정지원과,063-620-7865,전북특별자치도 남원시 노송로 986-4,전북특별자치도 남원시 송동면 장국리 631,2025-07-25,8321000,전북특별자치도교육청
8321000,전북특별자치도교육청,8372000,전북특별자치도남원교육지원청,52,전북특별자치도,190,남원시,원천초 주촌분교,1992,초등학교,자체활용,752.5,15773,행정지원과,063-620-7865,전북특별자치도 남원시 주천면 쑥고개로 545,전북특별자치도 남원시 주천면 송치리 418,2025-07-25,8321000,전북특별자치도교육청
8321000,전북특별자치도교육청,8362000,전북특별자치도정읍교육지원청,52,전북특별자치도,180,정읍시,관청초,2019,초등학교,자체활용,1782,35385,행정지원과,063-533-3204,전북특별자치도 정읍시 고부면 관청길 88,전북특별자치도 정읍시 고부면 관청리 548,2025-07-25,8321000,전북특별자치도교육청
8321000,전북특별자치도교육청,8362000,전북특별자치도정읍교육지원청,52,전북특별자치도,180,정읍시,고부여중,2007,중학교,자체활용,2064.35,15797,행정지원과,063-533-3204,전북특별자치도 정읍시 고부면 앵곡길 44,전북특별자치도 정읍시 고부면 관청리 산5-2,2025-07-25,8321000,전북특별자치도교육청
8321000,전북특별자치도교육청,8362000,전북특별자치도정읍교육지원청,52,전북특별자치도,180,정읍시,회룡초,2012,초등학교,자체활용,1276.11,14430,행정지원과,063-533-3204,전북특별자치도 정읍시 정우면 정우길 149,전북특별자치도 정읍시 정우면 회룡리 108-2,2025-07-25,8321000,전북특별자치도교육청
8321000,전북특별자치도교육청,8362000,전북특별자치도정읍교육지원청,52,전북특별자치도,180,정읍시,용곽초,2010,초등학교,자체활용,1618.04,18686,행정지원과,063-533-3204,전북특별자치도 정읍시 감곡면 용승길 194,전북특별자치도 정읍시 감곡면 용곽리 256,2025-07-25,8321000,전북특별자치도교육청
8321000,전북특별자치도교육청,8352000,전북특별자치도익산교육지원청,52,전북특별자치도,140,익산시,금성초,2018,초등학교,자체활용,1197.78,11450,행정지원과,063-850-8895,전북특별자치도 익산시 성당면 성당로 649,전북특별자치도 익산시 성당면 두동리 702,2025-07-25,8321000,전북특별자치도교육청
8321000,전북특별자치도교육청,8352000,전북특별자치도익산교육지원청,52,전북특별자치도,140,익산시,성남초,2011,초등학교,자체활용,1460.72,14897,행정지원과,063-850-8895,전북특별자치도 익산시 망성면 여강로 587-6,전북특별자치도 익산시 망성면 내촌리 92,2025-07-25,8321000,전북특별자치도교육청
8321000,전북특별자치도교육청,8352000,전북특별자치도익산교육지원청,52,전북특별자치도,140,익산시,여산남초,2009,초등학교,자체활용,1685.77,14545,행정지원과,063-850-8895,전북특별자치도 익산시 여산면 천호로49,전북특별자치도 익산시 여산면 원수리 465-4,2025-07-25,8321000,전북특별자치도교육청
8321000,전북특별자치도교육청,8352000,전북특별자치도익산교육지원청,52,전북특별자치도,140,익산시,여산서초,2009,초등학교,자체활용,1543.5,12119,행정지원과,063-850-8895,전북특별자치도 익산시 여산면 두여신기길 54,전북특별자치도 익산시 여산면 두여리 1184-2,2025-07-25,8321000,전북특별자치도교육청
8321000,전북특별자치도교육청,8352000,전북특별자치도익산교육지원청,52,전북특별자치도,140,익산시,웅북초,2004,초등학교,자체활용,1384.2,13956,행정지원과,063-850-8895,전북특별자치도 익산시 웅포면 강변로 719,전북특별자치도 익산시 웅포면 제성리 557-1,2025-07-25,8321000,전북특별자치도교육청
8321000,전북특별자치도교육청,8342000,전북특별자치도군산교육지원청,52,전북특별자치도,130,군산시,마룡초,2025,초등학교,자체활용,1431,18482,행정지원과,063-450-2753,전북특별자치도 군산시 서수면 청룡로 123,전북특별자치도 군산시 서수면 마룡리 338,2025-07-25,8321000,전북특별자치도교육청
8321000,전북특별자치도교육청,8342000,전북특별자치도군산교육지원청,52,전북특별자치도,130,군산시,금암초,2025,초등학교,자체활용,1401,27273,행정지원과,063-450-2753,전북특별자치도 군산시 서수면 황등서로 351-8,전북특별자치도 군산시 서수면 금암리 261,2025-07-25,8321000,전북특별자치도교육청
8321000,전북특별자치도교육청,8342000,전북특별자치도군산교육지원청,52,전북특별자치도,130,군산시,신시도초,2025,초등학교,자체활용,824,6357,행정지원과,063-450-2753,전북특별자치도 군산시 옥도면 신시도2길 18-5,전북특별자치도 군산시 옥도면 신시도리 66,2025-07-25,8321000,전북특별자치도교육청
8321000,전북특별자치도교육청,8342000,전북특별자치도군산교육지원청,52,전북특별자치도,130,군산시,개야도초,2025,초등학교,자체활용,1041,9318,행정지원과,063-450-2753,전북특별자치도 군산시 개야도길 189-10,전북특별자치도 군산시 옥도면 개야도리 563,2025-07-25,8321000,전북특별자치도교육청
8321000,전북특별자치도교육청,8342000,전북특별자치도군산교육지원청,52,전북특별자치도,130,군산시,어청도초,2024,초등학교,자체활용,2206,9002,행정지원과,063-450-2753,전북특별자치도 군산시 옥도면 어청도길 95-7,전북특별자치도 군산시 옥도면 어청도리 86,2025-07-25,8321000,전북특별자치도교육청
8321000,전북특별자치도교육청,8342000,전북특별자치도군산교육지원청,52,전북특별자치도,130,군산시,신시도초 야미도분교,2024,초등학교,자체활용,330,3373,행정지원과,063-450-2753,전북특별자치도 군산시 옥도면 야미도3길 12,전북특별자치도 군산시 옥도면 야미도리 18,2025-07-25,8321000,전북특별자치도교육청
8321000,전북특별자치도교육청,8342000,전북특별자치도군산교육지원청,52,전북특별자치도,130,군산시,비안도초,2021,초등학교,미활용,596,23570,행정지원과,063-450-2753,전북특별자치도 군산시 옥도면 비안도1길 7,전북특별자치도 군산시 옥도면 비안도리 259,2025-07-25,8321000,전북특별자치도교육청
8321000,전북특별자치도교육청,8342000,전북특별자치도군산교육지원청,52,전북특별자치도,130,군산시,선유도초 방축도분교,1992,초등학교,미활용,0,2678,행정지원과,063-450-2753,,전북특별자치도 군산시 옥도면 말도리 125-5,2025-07-25,8321000,전북특별자치도교육청
8321000,전북특별자치도교육청,8342000,전북특별자치도군산교육지원청,52,전북특별자치도,130,군산시,선유도초 명도분교,1992,초등학교,미활용,0,1689,행정지원과,063-450-2753,,전북특별자치도 군산시 옥도면 말도리 73-2,2025-07-25,8321000,전북특별자치도교육청
8321000,전북특별자치도교육청,8342000,전북특별자치도군산교육지원청,52,전북특별자치도,130,군산시,동산중,2023,중학교,자체활용,26858,7577,행정지원과,063-450-2753,전북특별자치도 군산시 구영신창길 60-6,전북특별자치도 군산시 금동 26-83,2025-07-25,8321000,전북특별자치도교육청
8321000,전북특별자치도교육청,8342000,전북특별자치도군산교육지원청,52,전북특별자치도,130,군산시,대야초 광산분교,2023,초등학교,자체활용,17449,1408,행정지원과,063-450-2753,전북특별자치도 군산시 대야면 번영로 1421,전북특별자치도 군산시 대야면 접산리 391-15,2025-07-25,8321000,전북특별자치도교육청
8321000,전북특별자치도교육청,8342000,전북특별자치도군산교육지원청,52,전북특별자치도,130,군산시,해성초 내초분교,2017,초등학교,자체활용,508.3,4399,행정지원과,063-450-2753,전북특별자치도 군산시 내초안길 25(내초동),전북특별자치도 군산시 내초동 66,2025-07-25,8321000,전북특별자치도교육청
8321000,전북특별자치도교육청,8332000,전북특별자치도전주교육지원청,52,전북특별자치도,113,전주시 덕진구,전라중,2024,중학교,자체활용,8318,21854,행정지원과,063-270-6167,전북특별자치도 전주시 덕진구 들사평1길 39,전북특별자치도 전주시 덕진구 덕진동1가 1200,2025-07-25,8321000,전북특별자치도교육청
8321000,전북특별자치도교육청,8332000,전북특별자치도전주교육지원청,52,전북특별자치도,113,전주시 덕진구,도강초,1999,초등학교,자체활용,848,7922,재정협력과,063-270-6167,전북특별자치도 전주시 덕진구 동계1길 10(강흥동),전북특별자치도 전주시 덕진구 강흥동 124-2,2025-07-25,8321000,전북특별자치도교육청
9010000,경상남도교육청,9101000,밀양교육지원청,48,경상남도,270,밀양시,안법초등학교,1999,초등학교,대부,1344,15726,교육재정담당,055-350-1583,경상남도 밀양시 단장면 단장로 1055,경상남도 밀양시 단장면 안법리 506-3,2025-12-01,9010000,경상남도교육청
8490000,전라남도교육청,8641000,해남교육지원청,46,전라남도,820,해남군,화원초화봉분교장,2004,초등학교,미활용,2051,19066,재정과,061-260-0792,전라남도 해남군 화원면 화봉길 144,전라남도 해남군 화원면 화봉리 226,2025-11-18,8490000,전라남도교육청
8490000,전라남도교육청,8671000,함평교육지원청,46,전라남도,860,함평군,영창초등학교,2009,초등학교,대부,1896,16170,재정과,061-260-0792,전라남도 함평군 학교면 경화동길 5,전라남도 함평군 학교면 사거리 172,2025-11-18,8490000,전라남도교육청
8490000,전라남도교육청,8671000,함평교육지원청,46,전라남도,860,함평군,대동향교초대신분교장,2008,초등학교,미활용,894,16229,재정과,061-260-0792,전라남도 함평군 대동면 학동로 1215-64,전라남도 함평군 대동면 금산리 422-7,2025-11-18,8490000,전라남도교육청
8490000,전라남도교육청,8671000,함평교육지원청,46,전라남도,860,함평군,손불초용암분교장,2005,초등학교,미활용,1446,15927,재정과,061-260-0792,전라남도 함평군 손불면 죽암죽장길 252,전라남도 함평군 손불면 죽암리 709,2025-11-18,8490000,전라남도교육청
8490000,전라남도교육청,8671000,함평교육지원청,46,전라남도,860,함평군,대동향교초동암분교장,1992,초등학교,대부,933,13310,재정과,061-260-0792,전라남도 함평군 대동면 대동길 337,전라남도 함평군 대동면 월송리 424,2025-11-18,8490000,전라남도교육청
8490000,전라남도교육청,8671000,함평교육지원청,46,전라남도,860,함평군,성남초등학교,2002,초등학교,대부,923,16394,재정과,061-260-0792,전라남도 함평군 함평읍 함장로 730,전라남도 함평군 함평읍 성남리 215,2025-11-18,8490000,전라남도교육청
8490000,전라남도교육청,8711000,진도교육지원청,46,전라남도,900,진도군,의동초등학교,2014,초등학교,미활용,1326,12984,재정과,061-260-0792,전라남도 진도군 의신면 진도대로 1661,전라남도 진도군 의신면 초사리 102,2025-11-18,8490000,전라남도교육청
8490000,전라남도교육청,8711000,진도교육지원청,46,전라남도,900,진도군,석교초용등분교장,2009,초등학교,미활용,1058,13766,재정과,061-260-0792,전라남도 진도군 임회면 백동길 2,전라남도 진도군 임회면 백동리 633,2025-11-18,8490000,전라남도교육청
8490000,전라남도교육청,8711000,진도교육지원청,46,전라남도,900,진도군,지산서초등학교,2009,초등학교,대부,981,14582,재정과,061-260-0792,전라남도 진도군 지산면 가치길 17-14,전라남도 진도군 지산면 가치리 904-3,2025-11-18,8490000,전라남도교육청
8490000,전라남도교육청,8711000,진도교육지원청,46,전라남도,900,진도군,조도초소죽도분교장,2004,초등학교,미활용,101,258,재정과,061-260-0792,,전라남도 진도군 조도면 서거차도리 150,2025-11-18,8490000,전라남도교육청
8490000,전라남도교육청,8711000,진도교육지원청,46,전라남도,900,진도군,조도초맹골분교장,2000,초등학교,미활용,0,608,재정과,061-260-0792,전라남도 진도군 조도면 맹골도길 14-4,전라남도 진도군 조도면 맹골도리 74-1,2025-11-18,8490000,전라남도교육청
8490000,전라남도교육청,8711000,진도교육지원청,46,전라남도,900,진도군,오송초등학교,1996,초등학교,대부,0,10553,재정과,061-260-0792,,전라남도 진도군 지산면 오류리 616-4,2025-11-18,8490000,전라남도교육청
8490000,전라남도교육청,8621000,장흥교육지원청,46,전라남도,800,장흥군,관산초영성분교장,2008,초등학교,미활용,1250,14176,재정과,061-260-0792,전라남도 장흥군 관산읍 죽교상하발로 364-9,전라남도 장흥군 관산읍 죽청리 418-3,2025-11-18,8490000,전라남도교육청
8490000,전라남도교육청,8691000,장성교육지원청,46,전라남도,880,장성군,장성신흥중학교,2015,중학교,미활용,1632,15591,재정과,061-260-0792,전라남도 장성군 북일면 신흥로 588,전라남도 장성군 북일면 성덕리 36,2025-11-18,8490000,전라남도교육청
8490000,전라남도교육청,8691000,장성교육지원청,46,전라남도,880,장성군,삼서남초등학교,1999,초등학교,대부,0,18218,재정과,061-260-0792,,전라남도 장성군 삼서면 석마리 661-4,2025-11-18,8490000,전라남도교육청
8490000,전라남도교육청,8651000,영암교육지원청,46,전라남도,830,영암군,영암미암중학교,2025,중학교,미활용,1881,17119,재정과,061-260-0792,전라남도 영암군 미암면 곤미현로 961-10,전라남도 영암군 미암면 남산리 239-1,2025-11-18,8490000,전라남도교육청
8490000,전라남도교육청,8651000,영암교육지원청,46,전라남도,830,영암군,도포초도신분교장,2008,초등학교,대부,585,12745,재정과,061-260-0792,전라남도 영암군 도포면 호산로 287,전라남도 영암군 도포면 영호리 194,2025-11-18,8490000,전라남도교육청
8490000,전라남도교육청,8651000,영암교육지원청,46,전라남도,830,영암군,도포초영농분교장,2016,초등학교,미활용,274,1833,재정과,061-260-0792,전라남도 영암군 도포면 영호길 89,전라남도 영암군 도포면 영호리 919-10,2025-11-18,8490000,전라남도교육청
8490000,전라남도교육청,8651000,영암교육지원청,46,전라남도,830,영암군,시종초종남분교장,2013,초등학교,대부,2183,30587,재정과,061-260-0792,전라남도 영암군 시종면 금월로 240,전라남도 영암군 시종면 금지리 1078,2025-11-18,8490000,전라남도교육청
8490000,전라남도교육청,8651000,영암교육지원청,46,전라남도,830,영암군,금정초청룡분교장,1999,초등학교,미활용,609,50310,재정과,061-260-0792,전라남도 영암군 금정면 내산로 813,전라남도 영암군 금정면 청용리 899,2025-11-18,8490000,전라남도교육청
8490000,전라남도교육청,8651000,영암교육지원청,46,전라남도,830,영암군,금정초한대분교장,1992,초등학교,미활용,378,4640,재정과,061-260-0792,,전라남도 영암군 영암읍 한대리 2,2025-11-18,8490000,전라남도교육청
8490000,전라남도교육청,8651000,영암교육지원청,46,전라남도,830,영암군,신북초신북서분교장,2011,초등학교,대부,810,20139,재정과,061-260-0792,전라남도 영암군 신북면 들소리로 384-14,전라남도 영암군 신북면 학동리 468,2025-11-18,8490000,전라남도교육청
8490000,전라남도교육청,8651000,영암교육지원청,46,전라남도,830,영암군,서호북초등학교,1999,초등학교,대부,873,17616,재정과,061-260-0792,전라남도 영암군 서호면 서호로 900,전라남도 영암군 서호면 성재리 1058,2025-11-18,8490000,전라남도교육청
8490000,전라남도교육청,8681000,영광교육지원청,46,전라남도,870,영광군,법성포초안마분교장,2025,초등학교,미활용,694,13708,재정과,061-260-0792,,전라남도 영광군 낙월면 월촌리 산323,2025-11-18,8490000,전라남도교육청
8490000,전라남도교육청,8681000,영광교육지원청,46,전라남도,870,영광군,법성중안마분교장,2011,중학교,미활용,888,4183,재정과,061-260-0792,전라남도 영광군 낙월면 안마길1길 27,전라남도 영광군 낙월면 월촌리 산313-3,2025-11-18,8490000,전라남도교육청
7530000,경기도교육청,7681000,파주교육지원청,41,경기도,480,파주시,신산초영장분교장,1994,초등학교,미활용,449,7473,행정과,031-940-7332,경기도 파주시 광탄면 쇠장이길 21,경기도 파주시 광탄면 영장리 256-1,2025-12-01,7530000,경기도교육청
7530000,경기도교육청,7681000,파주교육지원청,41,경기도,480,파주시,구.교하중,2006,중학교,자체활용,2231,20297,행정과,031-940-7332,경기도 파주시 교하로1290번길 38,경기도 파주시 다율동 56-8,2025-12-01,7530000,경기도교육청
7530000,경기도교육청,7681000,파주교육지원청,41,경기도,480,파주시,법원초,2019,초등학교,대부,2326,13253,행정과,031-940-7332,경기도 파주시 법원읍 술이홀로 970-9,경기도 파주시 법원읍 법원리 500,2025-12-01,7530000,경기도교육청
7530000,경기도교육청,7681000,파주교육지원청,41,경기도,480,파주시,금곡초,1998,초등학교,대부,1017,9414,행정과,031-940-7332,경기도 파주시 법원읍 술이홀로 1315,경기도 파주시 법원읍 금곡리 336-5,2025-12-01,7530000,경기도교육청
7530000,경기도교육청,7681000,파주교육지원청,41,경기도,480,파주시,용운초,1996,초등학교,대부,1343,13171,행정과,031-940-7332,경기도 파주시 적성면 윗배우니길 68,경기도 파주시 적성면 객현리 385-2,2025-12-01,7530000,경기도교육청
7530000,경기도교육청,7652000,구리남양주교육지원청,41,경기도,360,남양주시,마석초녹촌분교장,2019,초등학교,대부,431,7392,재무관리과,031-550-6253,경기도 남양주시 화도읍 가구단지6길 63-12,경기도 남양주시 화도읍 녹촌리 272,2025-12-01,7530000,경기도교육청
7530000,경기도교육청,7652000,구리남양주교육지원청,41,경기도,360,남양주시,남양주송촌초시우분교장,1992,초등학교,대부,146,3738,재무관리과,031-550-6253,경기도 남양주시 조안면 고래산로 413-77,경기도 남양주시 조안면 시우리 122-20,2025-12-01,7530000,경기도교육청
7530000,경기도교육청,7621000,고양교육지원청,41,경기도,281,고양시,구.삼송초,2014,초등학교,대부,0,4679,재무관리과,031-900-2973,,경기도 고양시 덕양구 삼송동 62,2025-12-01,7530000,경기도교육청
7530000,경기도교육청,7621000,고양교육지원청,41,경기도,281,고양시,구.고양중,2013,중학교,자체활용,4982,19545,재무관리과,031-900-2973,경기도 고양시 덕양구 삼송로 173,경기도 고양시 덕양구 삼송동 45,2025-12-01,7530000,경기도교육청
7530000,경기도교육청,7621000,고양교육지원청,41,경기도,285,고양시,백마초장항분교장,2011,초등학교,자체활용,497,4355,가정형Wee센터,031-976-0179,경기도 고양시 일산동구 장대길 64-27,경기도 고양시 일산동구 장항동 580-20,2025-12-01,7530000,경기도교육청
7530000,경기도교육청,7602000,동두천양주교육지원청,41,경기도,630,양주시,구.천보초,2025,초등학교,대부,5689,12961,행정과,031-870-4041,,경기도 양주시 옥정동 1014-8,2025-12-01,7530000,경기도교육청
7530000,경기도교육청,7602000,동두천양주교육지원청,41,경기도,630,양주시,유양초천성분교장,1991,초등학교,미활용,0,2030,행정과,031-870-4041,경기도 양주시 부흥로 1185번길15,경기도 양주시 유양동 725,2025-12-01,7530000,경기도교육청
7530000,경기도교육청,7602000,동두천양주교육지원청,41,경기도,630,양주시,가납초현암분교장,1991,초등학교,미활용,0,6809,행정과,031-870-4041,,경기도 양주시 광적면 비암리 231-4,2025-12-01,7530000,경기도교육청
7530000,경기도교육청,7602000,동두천양주교육지원청,41,경기도,250,동두천시,동두천초걸산분교장,1999,초등학교,미활용,0,2175,행정과,031-860-4372,,경기도 동두천시 걸산동 50-8,2025-12-01,7530000,경기도교육청
7530000,경기도교육청,7561000,의정부교육지원청,41,경기도,150,의정부시,구.고산초,2024,초등학교,미활용,2195,9969,행정과,031-820-0143,경기도 의정부시 고산로 121,경기도 의정부시 고산동 464,2025-12-01,7530000,경기도교육청
7530000,경기도교육청,7761000,안성교육지원청,41,경기도,550,안성시,방초초,2023,초등학교,대부,1744,11319,행정과,031-678-5271,경기도 안성시 일죽면 사실로 86,경기도 안성시 일죽면 방초리 459-2,2025-12-01,7530000,경기도교육청
7530000,경기도교육청,7761000,안성교육지원청,41,경기도,550,안성시,구.백성초,2018,초등학교,자체활용,8469,24820,행정과,031-678-5271,경기도 안성시 백성2길 59,경기도 안성시 금산동 119,2025-12-01,7530000,경기도교육청
7530000,경기도교육청,7761000,안성교육지원청,41,경기도,550,안성시,원곡초성은분교장,2018,초등학교,대부,640,8739,행정과,031-678-5271,경기도 안성시 원곡면 통심길 92,경기도 안성시 원곡면 성은리 35-1,2025-12-01,7530000,경기도교육청
7530000,경기도교육청,7761000,안성교육지원청,41,경기도,550,안성시,장암초,1998,초등학교,대부,983,9129,행정과,031-678-5271,경기도 안성시 일죽면 장암초교길 8,경기도 안성시 일죽면 장암리 204,2025-12-01,7530000,경기도교육청
8750000,경상북도교육청,8981000,경상북도울릉교육지원청,47,경상북도,940,울릉군,구)울릉중학교,2020,중학교,자체활용,1687.7,8132,행정지원과,054-790-3012,경상북도 울릉군 울릉읍 도동길 151-19,경상북도 울릉군 울릉읍 도동리 223-8,2023-06-27,8981000,경상북도교육청 경상북도울릉교육지원청
8750000,경상북도교육청,8981000,경상북도울릉교육지원청,47,경상북도,940,울릉군,우산중학교,2020,중학교,대부,1738.1,5769,행정지원과,054-790-3012,경상북도 울릉군 울릉읍 저동길 64,경상북도 울릉군 울릉읍 저동리 456,2023-06-27,8981000,경상북도교육청 경상북도울릉교육지원청
8750000,경상북도교육청,8981000,경상북도울릉교육지원청,47,경상북도,940,울릉군,울릉북중학교,2020,중학교,대부,1543,11561,행정지원과,054-790-3012,경상북도 울릉군 북면 천부길 74-7,경상북도 울릉군 북면 천부리 713,2023-06-27,8981000,경상북도교육청 경상북도울릉교육지원청
8750000,경상북도교육청,8981000,경상북도울릉교육지원청,47,경상북도,940,울릉군,울릉서중학교,2020,중학교,대부,1495.7,4515,행정지원과,054-790-3012,경상북도 울릉군 서면 남서길 52,경상북도 울릉군 서면 남서리 30-3,2023-06-27,8981000,경상북도교육청 경상북도울릉교육지원청
8750000,경상북도교육청,8981000,경상북도울릉교육지원청,47,경상북도,940,울릉군,남양초등학교태하분교장,2012,초등학교,대부,870.6,4688,행정지원과,054-790-3012,경상북도 울릉군 서면 태하길 130,경상북도 울릉군 서면 태하리 521-2,2023-06-27,8981000,경상북도교육청 경상북도울릉교육지원청
8750000,경상북도교육청,8981000,경상북도울릉교육지원청,47,경상북도,940,울릉군,울릉초등학교장흥분교장,2000,초등학교,대부,1155.3,5591,행정지원과,054-790-3012,경상북도 울릉군 울릉읍 옥천길 8,경상북도 울릉군 울릉읍 사동리 238,2023-06-27,8981000,경상북도교육청 경상북도울릉교육지원청
9010000,경상남도교육청,9101000,밀양교육지원청,48,경상남도,270,밀양시,가인초등학교,1993,초등학교,대부,304,7945,교육재정담당,055-350-1583,경상남도 밀양시 산내면 산내야촌길 41-1,경상남도 밀양시 산내면 가인리 539-1,2025-12-01,9010000,경상남도교육청
9010000,경상남도교육청,9101000,밀양교육지원청,48,경상남도,270,밀양시,단산초등학교,2009,초등학교,대부,1585,14951,교육재정담당,055-350-1583,경상남도 밀양시 산외면 단산길 2-5,경상남도 밀양시 산외면 금곡리 83-2,2025-12-01,9010000,경상남도교육청
9010000,경상남도교육청,9101000,밀양교육지원청,48,경상남도,270,밀양시,무안초등학교내진분교장,1999,초등학교,대부,918,11177,교육재정담당,055-350-1583,경상남도 밀양시 무안면 사명로 1123,경상남도 밀양시 무안면 양효리 349,2025-12-01,9010000,경상남도교육청
9010000,경상남도교육청,9022000,창원교육지원청,48,경상남도,125,마산합포구,반동초등학교구복분교장,1997,초등학교,미활용,443,2700,재산관리담당,055-210-0562,경상남도 창원시 마산합포구 구산면 해양관광로 1817,경상남도 창원시 마산합포구 구산면 구복리 275-28,2025-12-01,9010000,경상남도교육청
9010000,경상남도교육청,9022000,창원교육지원청,48,경상남도,125,마산합포구,상북초등학교,1999,초등학교,대부,1310,10083,재산관리담당,055-210-0562,경상남도 창원시 마산합포구 진북면 추곡1길 13,경상남도 창원시 마산합포구 진북면 추곡리 534,2025-12-01,9010000,경상남도교육청
9010000,경상남도교육청,9101000,밀양교육지원청,48,경상남도,270,밀양시,무안초등학교운정분교장,1997,초등학교,대부,876,11051,교육재정담당,055-350-1583,경상남도 밀양시 무안면 운정길 63-10,경상남도 밀양시 무안면 운정리 149-4,2025-12-01,9010000,경상남도교육청
9010000,경상남도교육청,9022000,창원교육지원청,48,경상남도,125,마산합포구,양촌초등학교,1999,초등학교,대부,1238,14527,재산관리담당,055-210-0562,경상남도 창원시 마산합포구 진전면 팔의사로 361,경상남도 창원시 마산합포구 진전면 양촌리 390,2025-12-01,9010000,경상남도교육청
9010000,경상남도교육청,9181000,하동교육지원청,48,경상남도,850,하동군,북천초등학교대야분교장,1997,초등학교,대부,805,9754,교육재정담당,055-880-1974,경상남도 하동군 북천면 화정길 26,경상남도 하동군 북천면 화정리 58,2025-12-01,9010000,경상남도교육청
9010000,경상남도교육청,9181000,하동교육지원청,48,경상남도,850,하동군,옥종초등학교두양분교장,1998,초등학교,대부,243,7015,교육재정담당,055-880-1974,경상남도 하동군 옥종면 옥단로 1629,경상남도 하동군 옥종면 두양리 460,2025-12-01,9010000,경상남도교육청
9010000,경상남도교육청,9181000,하동교육지원청,48,경상남도,850,하동군,진교초등학교안심분교장,1993,초등학교,대부,259,6841,교육재정담당,055-880-1974,경상남도 하동군 진교면 진양로 280-8,경상남도 하동군 진교면 백련리 352-12,2025-12-01,9010000,경상남도교육청
9010000,경상남도교육청,9181000,하동교육지원청,48,경상남도,850,하동군,횡천초등학교전대분교장,1993,초등학교,대부,140,8966,교육재정담당,055-880-1974,경상남도 하동군 횡천면 숙재1길 244,경상남도 하동군 횡천면 전대리 508,2025-12-01,9010000,경상남도교육청
9010000,경상남도교육청,9101000,밀양교육지원청,48,경상남도,270,밀양시,무안초등학교중산분교장,1999,초등학교,대부,1067,13720,교육재정담당,055-350-1583,경상남도 밀양시 무안면 사명대사생가로 312,경상남도 밀양시 무안면 중산리 162-1,2025-12-01,9010000,경상남도교육청
9010000,경상남도교육청,9181000,하동교육지원청,48,경상남도,850,하동군,고남초등학교신월분교장,1995,초등학교,대부,0,9710,교육재정담당,055-880-1974,경상남도 하동군 고전면 노화길 3,경상남도 하동군 고전면 신월리 200,2025-12-01,9010000,경상남도교육청
9010000,경상남도교육청,9181000,하동교육지원청,48,경상남도,850,하동군,진교초등학교월운분교장,1992,초등학교,대부,29,7852,교육재정담당,055-880-1974,경상남도 하동군 진교면 월운길 159-32,경상남도 하동군 진교면 월운리 577-1,2025-12-01,9010000,경상남도교육청
9010000,경상남도교육청,9181000,하동교육지원청,48,경상남도,850,하동군,청암초등학교상이분교장,1993,초등학교,대부,798,5008,교육재정담당,055-880-1974,경상남도 하동군 청암면 상시목길 14,경상남도 하동군 청암면 상이리 118-1,2025-12-01,9010000,경상남도교육청
9010000,경상남도교육청,9101000,밀양교육지원청,48,경상남도,270,밀양시,봉황초등학교,1999,초등학교,대부,994,11404,교육재정담당,055-350-1583,경상남도 밀양시 초동면 덕산5길 4,경상남도 밀양시 초동면 덕산리 292,2025-12-01,9010000,경상남도교육청
9010000,경상남도교육청,9191000,산청교육지원청,48,경상남도,860,산청군,입석초등학교운리분교장,1993,초등학교,대부,1396,6590,교육재정담당,055-970-3095,경상남도 산청군 단성면 호암로 631,경상남도 산청군 단성면 운리 515,2025-12-01,9010000,경상남도교육청
9010000,경상남도교육청,9071000,통영교육지원청,48,경상남도,220,통영시,사량초등학교양지분교장,2012,초등학교,대부,0,6188,교육재정담당,055-650-8085,경상남도 통영시 사량면 능양윗길 79,경상남도 통영시 사량면 양지리 418-2,2025-12-01,9010000,경상남도교육청
9010000,경상남도교육청,9141000,창녕교육지원청,48,경상남도,740,창녕군,구)도천초등학교,1997,초등학교,대부,1832,16282,교육재정담당,055-530-3576,경상남도 창녕군 도천면 논리길 12,경상남도 창녕군 도천면 논리 31,2025-12-01,9010000,경상남도교육청
9010000,경상남도교육청,9111000,거제교육지원청,48,경상남도,310,거제시,일운초등학교망월분교장,1998,초등학교,대부,96,4784,교육재정담당,055-630-9283,경상남도 거제시 일운면 거제대로 1761,경상남도 거제시 일운면 망치리 418-1,2025-12-01,9010000,경상남도교육청
9010000,경상남도교육청,9171000,남해교육지원청,48,경상남도,840,남해군,물건중학교,2019,중학교,대부,1634,9071,교육재정담당,055-860-4184,경상남도 남해군 삼동면 동부대로1122번길 22,경상남도 남해군 삼동면 물건리 166-1,2025-12-01,9010000,경상남도교육청
9010000,경상남도교육청,9091000,김해교육지원청,48,경상남도,250,김해시,주동초등학교,2019,초등학교,자체활용,1815,9663,예산담당,055-330-7633,경상남도 김해시 주촌면 서부로 1701번안길 42,경상남도 김해시 주촌면 선지리 248-1,2025-12-01,9010000,경상남도교육청
9010000,경상남도교육청,9101000,밀양교육지원청,48,경상남도,270,밀양시,부북초등학교정진분교장,1998,초등학교,대부,684,686,교육재정담당,055-350-1583,경상남도 밀양시 단장면 고례2길 3,경상남도 밀양시 부북면 퇴로리 293-2,2025-12-01,9010000,경상남도교육청
9010000,경상남도교육청,9191000,산청교육지원청,48,경상남도,860,산청군,신안초등학교둔철분교장,1998,초등학교,대부,188,4972,교육재정담당,055-970-3095,경상남도 산청군 신안면 둔철산로472번길 37-6,경상남도 산청군 신안면 안봉리 916-1,2025-12-01,9010000,경상남도교육청
9010000,경상남도교육청,9101000,밀양교육지원청,48,경상남도,270,밀양시,산동초등학교고례분교장,1998,초등학교,대부,962,6507,교육재정담당,055-350-1583,경상남도 밀양시 단장면 고례2길 3,경상남도 밀양시 단장면 고례리 1516-1,2025-12-01,9010000,경상남도교육청
9010000,경상남도교육청,9081000,사천교육지원청,48,경상남도,240,사천시,삼천포초등학교신수도분교장,2023,초등학교,미활용,867,7497,교육재정담당,055-830-1585,경상남도 사천시 신수서길 1-46,경상남도 사천시 신수동 217,2025-12-01,9010000,경상남도교육청
9010000,경상남도교육청,9081000,사천교육지원청,48,경상남도,240,사천시,금진초등학교,1990,초등학교,미활용,793.02,11086,교육재정담당,055-830-1579,경상남도 사천시 서포면 금진1길 29,경상남도 사천시 서포면 금진리 438,2025-12-01,9010000,경상남도교육청
9010000,경상남도교육청,9091000,김해교육지원청,48,경상남도,250,김해시,한림초등학교가산분교장,2009,초등학교,자체활용,1018,11884,예산담당,055-330-7633,경상남도 김해시 한림면 가동로103번길 44-16,경상남도 김해시 한림면 가산리 191-2,2025-12-01,9010000,경상남도교육청
9010000,경상남도교육청,9051000,진주교육지원청,48,경상남도,170,진주시,반성초등학교남산분교장,1994,초등학교,대부,586,5010,예산담당,055-740-2163,경상남도 진주시 일반성면 수목원로 36,경상남도 진주시 일반성면 남산리 452-2,2025-12-01,9010000,경상남도교육청
9010000,경상남도교육청,9101000,밀양교육지원청,48,경상남도,270,밀양시,구)상동초등학교,2013,초등학교,자체활용,2412,9305,교육재정담당,055-350-1583,경상남도 밀양시 상동면 금산6길 15,경상남도 밀양시 상동면 금산리 875-2,2025-12-01,9010000,경상남도교육청
9010000,경상남도교육청,9022000,창원교육지원청,48,경상남도,125,마산합포구,옥봉초등학교,1999,초등학교,자체활용,749,7871,재산관리담당,055-210-0562,경상남도 창원시 마산합포구 진전면 진목길 54,경상남도 창원시 마산합포구 진전면 임곡리 305-1,2025-12-01,9010000,경상남도교육청
9010000,경상남도교육청,9161000,고성교육지원청,48,경상남도,820,고성군,영오초등학교영동분교장,1998,초등학교,대부,799,6591,교육재정담당,055-670-8183,경상남도 고성군 영오면 영회로 651,경상남도 고성군 영오면 연당리 705,2025-12-01,9010000,경상남도교육청
9010000,경상남도교육청,9101000,밀양교육지원청,48,경상남도,270,밀양시,안태초등학교,1999,초등학교,대부,999,8346,교육재정담당,055-350-1583,경상남도 밀양시 삼랑진읍 천태로 375-10,경상남도 밀양시 삼랑진읍 안태리 542,2025-12-01,9010000,경상남도교육청
9010000,경상남도교육청,9101000,밀양교육지원청,48,경상남도,270,밀양시,초동초등학교반월분교장,1999,초등학교,대부,983,11313,교육재정담당,055-350-1583,경상남도 밀양시 초동면 초동중앙로 18,경상남도 밀양시 초동면 대곡리 245-3,2025-12-01,9010000,경상남도교육청
9010000,경상남도교육청,9191000,산청교육지원청,48,경상남도,860,산청군,오동초등학교,1992,초등학교,대부,0,5940,교육재정담당,055-970-3095,경상남도 산청군 신안면 야정신기로 374,경상남도 산청군 신안면 청현리 526,2025-12-01,9010000,경상남도교육청
9010000,경상남도교육청,9191000,산청교육지원청,48,경상남도,860,산청군,내공초등학교,1994,초등학교,대부,1026,6946,교육재정담당,055-970-3095,경상남도 산청군 시천면 지리산대로1478번길 31-10,경상남도 산청군 시천면 내공리 627-2,2025-12-01,9010000,경상남도교육청
9010000,경상남도교육청,9141000,창녕교육지원청,48,경상남도,740,창녕군,계창초등학교옥천분교장,1994,초등학교,대부,757,6338,교육재정담당,055-530-3576,경상남도 창녕군 창녕읍 담안길 33-8,경상남도 창녕군 창녕읍 옥천리 711,2025-12-01,9010000,경상남도교육청
9010000,경상남도교육청,9141000,창녕교육지원청,48,경상남도,740,창녕군,대학초등학교,1999,초등학교,대부,1077,10285,교육재정담당,055-530-3576,경상남도 창녕군 대지면 학동길 18,경상남도 창녕군 대지면 본초리 276,2025-12-01,9010000,경상남도교육청
9010000,경상남도교육청,9111000,거제교육지원청,48,경상남도,310,거제시,동부초등학교동령분교장,1999,초등학교,대부,687,6854,교육재정담당,055-630-9283,경상남도 거제시 동부면 오송4길 6,경상남도 거제시 동부면 오송리 561,2025-12-01,9010000,경상남도교육청
9010000,경상남도교육청,9111000,거제교육지원청,48,경상남도,310,거제시,숭덕초등학교학산분교장,1999,초등학교,대부,598,5480,교육재정담당,055-630-9283,경상남도 거제시 둔덕면 거제남서로 5107,경상남도 거제시 둔덕면 학산리 486-3,2025-12-01,9010000,경상남도교육청
9010000,경상남도교육청,9111000,거제교육지원청,48,경상남도,310,거제시,명사초등학교해금강분교장,1999,초등학교,대부,1088,4890,교육재정담당,055-630-9283,경상남도 거제시 남부면 해금강로 120,경상남도 거제시 남부면 갈곶리 262-5,2025-12-01,9010000,경상남도교육청
9010000,경상남도교육청,9111000,거제교육지원청,48,경상남도,310,거제시,창호초등학교신호분교장,1998,초등학교,대부,884,6441,교육재정담당,055-630-9283,경상남도 거제시 사등면 가조로 232,경상남도 거제시 사등면 창호리 2126-2,2025-12-01,9010000,경상남도교육청
9010000,경상남도교육청,9111000,거제교육지원청,48,경상남도,310,거제시,숭덕초등학교상동분교장,1998,초등학교,대부,718,3042,교육재정담당,055-630-9283,경상남도 거제시 둔덕면 청마로 499,경상남도 거제시 둔덕면 상둔리 859-1,2025-12-01,9010000,경상남도교육청
9010000,경상남도교육청,9111000,거제교육지원청,48,경상남도,310,거제시,거제초등학교법동분교장,1999,초등학교,대부,756,3368,교육재정담당,055-630-9283,경상남도 거제시 거제면 거제남서로 4322,경상남도 거제시 거제면 법동리 584-2,2025-12-01,9010000,경상남도교육청
9010000,경상남도교육청,9111000,거제교육지원청,48,경상남도,310,거제시,일운초등학교내도분교장,1998,초등학교,대부,66,1335,교육재정담당,055-630-9283,경상남도 거제시 일운면 내도길 3-6,경상남도 거제시 일운면 와현리 11-2,2025-12-01,9010000,경상남도교육청
9010000,경상남도교육청,9111000,거제교육지원청,48,경상남도,310,거제시,명사초등학교다대분교장,2007,초등학교,대부,939,7472,교육재정담당,055-630-9283,경상남도 거제시 남부면 다대1길 6,경상남도 거제시 남부면 다대리 67,2025-12-01,9010000,경상남도교육청
9010000,경상남도교육청,9111000,거제교육지원청,48,경상남도,310,거제시,국산초등학교덕포분교장,1999,초등학교,대부,891,5621,교육재정담당,055-630-9283,경상남도 거제시 덕포4길 17,경상남도 거제시 덕포동 542,2025-12-01,9010000,경상남도교육청
9010000,경상남도교육청,9161000,고성교육지원청,48,경상남도,820,고성군,양지초등학교,1996,초등학교,대부,1113,14071,교육재정담당,055-670-8183,경상남도 고성군 대가면 무량로 251,경상남도 고성군 대가면 연지리 279,2025-12-01,9010000,경상남도교육청
9010000,경상남도교육청,9101000,밀양교육지원청,48,경상남도,270,밀양시,백산초등학교,2014,초등학교,대부,1659,12669,교육재정담당,055-350-1583,경상남도 밀양시 하남읍 백산로 292-10,경상남도 밀양시 하남읍 백산리 1257-4,2025-12-01,9010000,경상남도교육청
9010000,경상남도교육청,9131000,함안교육지원청,48,경상남도,730,함안군,법수초등학교우거분교장,1999,초등학교,대부,842,8120,교육재정담당,055-580-8072,경상남도 함안군 법수면 우거북길 64,경상남도 함안군 법수면 우거리 789,2025-12-01,9010000,경상남도교육청
9010000,경상남도교육청,9071000,통영교육지원청,48,경상남도,220,통영시,평림초등학교,1998,초등학교,대부,737,7591,교육재정담당,055-650-8085,경상남도 통영시 평인일주로 478,경상남도 통영시 평림동 809-1,2025-12-01,9010000,경상남도교육청
9010000,경상남도교육청,9191000,산청교육지원청,48,경상남도,860,산청군,단성중학교신안분교장,2008,중학교,자체활용,425,425,교육재정담당,055-970-3095,경상남도 산청군 신안면 신차로 3-3,경상남도 산청군 신안면 문대리 589-3,2025-12-01,9010000,경상남도교육청
9010000,경상남도교육청,9191000,산청교육지원청,48,경상남도,860,산청군,산청중학교,2018,중학교,자체활용,0,16341,교육재정담당,055-970-3095,경상남도 산청군 산청읍 웅석봉로86번길 9-8,경상남도 산청군 산청읍 옥산리 747,2025-12-01,9010000,경상남도교육청
9010000,경상남도교육청,9191000,산청교육지원청,48,경상남도,860,산청군,월성초등학교,1997,초등학교,자체활용,0,12486,교육재정담당,055-970-3095,경상남도 산청군 신안면 수월로 39,경상남도 산청군 신안면 신안리 423-3,2025-12-01,9010000,경상남도교육청
9010000,경상남도교육청,9111000,거제교육지원청,48,경상남도,310,거제시,계룡초등학교삼룡분교장,1999,초등학교,자체활용,9560,12258,교육재정담당,055-630-9283,경상남도 거제시 거제중앙로 1548,경상남도 거제시 문동동 601,2025-12-01,9010000,경상남도교육청
9010000,경상남도교육청,9111000,거제교육지원청,48,경상남도,310,거제시,동부초등학교 학동분교장,1999,초등학교,자체활용,725,8035,교육재정담당,055-630-9283,경상남도 거제시 동부면 거제대로 905,경상남도 거제시 동부면 학동리 551,2025-12-01,9010000,경상남도교육청
9010000,경상남도교육청,9211000,거창교육지원청,48,경상남도,880,거창군,위천중학교북상분교장,2001,중학교,자체활용,847,3796,교육재정담당,055-940-6173,경상남도 거창군 북상면 송계로 731-18,경상남도 거창군 북상면 갈계리 1439-1,2025-12-01,9010000,경상남도교육청
9010000,경상남도교육청,9161000,고성교육지원청,48,경상남도,820,고성군,대성초등학교광일분교장,1999,초등학교,자체활용,1782,13346,교육재정담당,055-670-8183,경상남도 고성군 거류면 송산로 111,경상남도 고성군 거류면 송산리 781-3,2025-12-01,9010000,경상남도교육청
9010000,경상남도교육청,9161000,고성교육지원청,48,경상남도,820,고성군,하일중학교,2016,중학교,자체활용,1496,13159,교육재정담당,055-670-8183,경상남도 고성군 하일면 공룡로 987,경상남도 고성군 하일면 학림리 701-2,2025-12-01,9010000,경상남도교육청
9010000,경상남도교육청,9121000,의령교육지원청,48,경상남도,720,의령군,운암초등학교,1993,초등학교,자체활용,0,9159,교육재정담당,055-570-7193,경상남도 의령군 가례면 홍의로 236,경상남도 의령군 가례면 운암리 117,2025-12-01,9010000,경상남도교육청
9010000,경상남도교육청,9022000,창원교육지원청,48,경상남도,129,진해구,구)웅천초등학교,2018,초등학교,자체활용,3547,9392,재산관리담당,055-210-0562,경상남도 창원시 진해구 웅천중로 80,경상남도 창원시 진해구 성내동 399-4,2025-12-01,9010000,경상남도교육청
9010000,경상남도교육청,9022000,창원교육지원청,48,경상남도,121,의창구,구)북면초등학교,2014,초등학교,자체활용,2609,11714,재산관리담당,055-210-0562,경상남도 창원시 의창구 북면 동전무동길26번길 19,경상남도 창원시 의창구 북면 동전리 141-3,2025-12-01,9010000,경상남도교육청
8490000,전라남도교육청,8681000,영광교육지원청,46,전라남도,870,영광군,영광서초등학교,2011,초등학교,미활용,1852,12466,재정과,061-260-0792,전라남도 영광군 영광읍 청보리로3길 6,전라남도 영광군 영광읍 계송리 667,2025-11-18,8490000,전라남도교육청
8490000,전라남도교육청,8681000,영광교육지원청,46,전라남도,870,영광군,염산초야월분교장,2013,초등학교,미활용,1928,15780,재정과,061-260-0792,전라남도 영광군 염산면 칠산로 586-50,전라남도 영광군 염산면 야월리 300,2025-11-18,8490000,전라남도교육청
8490000,전라남도교육청,8511000,여수교육지원청,46,전라남도,130,여수시,여남초연도분교장,2025,초등학교,미활용,2454,10043,재정과,061-260-0792,전라남도 여수시 남면 연도길 297,전라남도 여수시 남면 연도리 424,2025-11-18,8490000,전라남도교육청
8490000,전라남도교육청,8511000,여수교육지원청,46,전라남도,130,여수시,연도초여남중연도분교장,2014,중학교,미활용,709,6909,재정과,061-260-0792,전라남도 여수시 남면 연도길 297,전라남도 여수시 남면 연도리 424,2025-11-18,8490000,전라남도교육청
8490000,전라남도교육청,8511000,여수교육지원청,46,전라남도,130,여수시,소라초신흥분교장,2024,초등학교,미활용,1361,12068,재정과,061-260-0792,전라남도 여수시 남면 마족길 5,전라남도 여수시 남면 화태리 313,2025-11-18,8490000,전라남도교육청
8490000,전라남도교육청,8511000,여수교육지원청,46,전라남도,130,여수시,돌산초월호분교장,2024,초등학교,미활용,610,6551,재정과,061-260-0792,전라남도 여수시 남면 마족길 5,전라남도 여수시 남면 화태리 313,2025-11-18,8490000,전라남도교육청
8490000,전라남도교육청,8511000,여수교육지원청,46,전라남도,130,여수시,화태초돌산중화태분교장,2022,초등학교,미활용,1144,11847,재정과,061-260-0792,전라남도 여수시 남면 마족길 5,전라남도 여수시 남면 화태리 313,2025-11-18,8490000,전라남도교육청
8490000,전라남도교육청,8511000,여수교육지원청,46,전라남도,130,여수시,거문초손죽분교장,2022,초등학교,대부,411,106651,재정과,061-260-0792,전라남도 여수시 삼산면 손죽새터길 6-7,전라남도 여수시 삼산면 손죽리 산1466,2025-11-18,8490000,전라남도교육청
8490000,전라남도교육청,8511000,여수교육지원청,46,전라남도,130,여수시,화태초등학교,2022,초등학교,미활용,1149,11931,재정과,061-260-0792,전라남도 여수시 남면 마족길 5,전라남도 여수시 남면 화태리 313,2025-11-18,8490000,전라남도교육청
8490000,전라남도교육청,8511000,여수교육지원청,46,전라남도,130,여수시,여안초등학교,2022,초등학교,미활용,1317,10033,재정과,061-260-0792,전라남도 여수시 남면 안도해변길 65,전라남도 여수시 남면 안도리 991,2025-11-18,8490000,전라남도교육청
8490000,전라남도교육청,8511000,여수교육지원청,46,전라남도,130,여수시,나진초용창분교장,2021,초등학교,미활용,1218,31706,재정과,061-260-0792,전라남도 여수시 화양면 용문사길 24,전라남도 여수시 화양면 용주리 1515-17,2025-11-18,8490000,전라남도교육청
8490000,전라남도교육청,8511000,여수교육지원청,46,전라남도,130,여수시,초도초등학교,2017,초등학교,대부,773,11860,재정과,061-260-0792,전라남도 여수시 삼산면 초도로 48,전라남도 여수시 삼산면 초도리 산 456,2025-11-18,8490000,전라남도교육청
9010000,경상남도교육청,9022000,창원교육지원청,48,경상남도,127,마산회원구,구암여자중학교(구암중학교),2017,중학교,자체활용,7485,10381,재산관리담당,055-210-0562,경상남도 창원시 마산회원구 구암북12길 24,경상남도 창원시 마산회원구 구암동 1333,2025-12-01,9010000,경상남도교육청
9010000,경상남도교육청,9022000,창원교육지원청,48,경상남도,129,진해구,진해동중학교,2002,중학교,자체활용,2188,5127,재산관리담당,055-210-0562,경상남도 창원시 진해구 웅천중로 83,경상남도 창원시 진해구 성내동 395-6,2025-12-01,9010000,경상남도교육청
9010000,경상남도교육청,9022000,창원교육지원청,48,경상남도,125,마산합포구,진동초등학교태봉분교장,1995,초등학교,자체활용,1066,8770,재산관리담당,055-210-0562,경상남도 창원시 마산합포구 진동면 태봉1길 85-32,경상남도 창원시 마산합포구 진동면 태봉리 68,2025-12-01,9010000,경상남도교육청
9010000,경상남도교육청,9131000,함안교육지원청,48,경상남도,730,함안군,관동초등학교,2012,초등학교,대부,2243,12845,교육재정담당,055-580-8072,경상남도 함안군 법수면 장백로 675,경상남도 함안군 법수면 강주리 408-2,2025-12-01,9010000,경상남도교육청
9010000,경상남도교육청,9221000,합천교육지원청,48,경상남도,890,합천군,숭산초등학교,2019,초등학교,자체활용,2443,52905,교육재정담당,055-930-7094,경상남도 합천군 가야면 매안대전길 18-6,경상남도 합천군 가야면 매안리 392,2025-12-01,9010000,경상남도교육청
9010000,경상남도교육청,9091000,김해교육지원청,48,경상남도,250,김해시,구)주촌초등학교,2019,초등학교,자체활용,2701,13444,예산담당,055-330-7633,경상남도 김해시 주촌면 서부로1541번길 8,경상남도 김해시 주촌면 내삼리 652-1,2025-12-01,9010000,경상남도교육청
9010000,경상남도교육청,9181000,하동교육지원청,48,경상남도,850,하동군,고전초등학교고남분교장,2021,초등학교,자체활용,1500,6009,교육재정담당,055-880-1974,경상남도 하동군 고전면 소량산길 7,경상남도 하동군 고전면 전도리 417,2025-12-01,9010000,경상남도교육청
9010000,경상남도교육청,9211000,거창교육지원청,48,경상남도,880,거창군,농산초등학교,1983,초등학교,대부,0,13681,교육재정담당,055-940-6173,경상남도 거창군 고제면 산양길 171,경상남도 거창군 고제면 궁항리 1181,2025-12-01,9010000,경상남도교육청
9010000,경상남도교육청,9211000,거창교육지원청,48,경상남도,880,거창군,모동초등학교,1999,초등학교,대부,784,8096,교육재정담당,055-940-6173,경상남도 거창군 신원면 빼재로 796,경상남도 거창군 위천면 모동리 729,2025-12-01,9010000,경상남도교육청
9010000,경상남도교육청,9211000,거창교육지원청,48,경상남도,880,거창군,쌍봉초등학교,1996,초등학교,대부,1295,6276,교육재정담당,055-940-6173,경상남도 거창군 고제면 용초길 26,경상남도 거창군 고제면 봉산리 624,2025-12-01,9010000,경상남도교육청
9010000,경상남도교육청,9211000,거창교육지원청,48,경상남도,880,거창군,율원초등학교,1996,초등학교,대부,822,8185,교육재정담당,055-940-6173,경상남도 거창군 신원면 밤티재로 1,경상남도 거창군 신원면 양지리 284-1,2025-12-01,9010000,경상남도교육청
9010000,경상남도교육청,9211000,거창교육지원청,48,경상남도,880,거창군,중유초등학교,1992,초등학교,대부,538,6348,교육재정담당,055-940-6173,경상남도 거창군 신원면 철마길 262,경상남도 거창군 신원면 중유리 275-1,2025-12-01,9010000,경상남도교육청
9010000,경상남도교육청,9071000,통영교육지원청,48,경상남도,220,통영시,한산초등학교용호분교장,2012,초등학교,대부,446,5084,교육재정담당,055-650-8085,경상남도 통영시 한산면 호두1길 351,경상남도 통영시 한산면 용호리 459-1,2025-12-01,9010000,경상남도교육청
9010000,경상남도교육청,9211000,거창교육지원청,48,경상남도,880,거창군,가북초등학교용암분교장,1997,초등학교,대부,0,10345,교육재정담당,055-940-6173,경상남도 거창군 가북면 용암로 675,경상남도 거창군 가북면 용암리 1967,2025-12-01,9010000,경상남도교육청
8750000,경상북도교육청,8911000,경상북도청도교육지원청,47,경상북도,900,청도군,동곡초등학교,2015,초등학교,자체활용,1715.1,9649,최상만,054-370-1183,경상북도 청도군 금천면 동곡1길 11-5,경상북도 청도군 금천면 동곡리 905,2022-11-17,8911000,경상북도교육청 경상북도청도교육지원청
8750000,경상북도교육청,8911000,경상북도청도교육지원청,47,경상북도,900,청도군,방지초등학교,2015,초등학교,자체활용,1534.31,6680,최상만,054-370-1183,경상북도 청도군 금천면 청려로 4649,경상북도 청도군 금천면 방지리 1203,2022-11-17,8911000,경상북도교육청 경상북도청도교육지원청
8750000,경상북도교육청,8911000,경상북도청도교육지원청,47,경상북도,900,청도군,금천초문명분교,2018,초등학교,대부,1248.93,9345,최상만,054-370-1183,경상북도 청도군 운문면 운문로 1558,경상북도 청도군 운문면 신원리 1230-1,2022-11-17,8911000,경상북도교육청 경상북도청도교육지원청
8750000,경상북도교육청,8911000,경상북도청도교육지원청,47,경상북도,900,청도군,풍각남부초등학교,1994,초등학교,대부,721.45,4149,최상만,054-370-1183,경상북도 청도군 풍각면 월봉길 130,경상북도 청도군 풍각면 차산리 184-1,2022-11-17,8911000,경상북도교육청 경상북도청도교육지원청
8750000,경상북도교육청,8911000,경상북도청도교육지원청,47,경상북도,900,청도군,유등초등학교,1994,초등학교,대부,1072.16,6010,최상만,054-370-1183,경상북도 청도군 화양읍 연지로 152,경상북도 청도군 화양읍 유등리 1876,2022-11-17,8911000,경상북도교육청 경상북도청도교육지원청
8750000,경상북도교육청,8911000,경상북도청도교육지원청,47,경상북도,900,청도군,청도동부초등학교,1995,초등학교,대부,1522.6,8987,최상만,054-370-1183,경상북도 청도군 청도읍 원동길 29,경상북도 청도군 청도읍 원리 412,2022-11-17,8911000,경상북도교육청 경상북도청도교육지원청
8750000,경상북도교육청,8911000,경상북도청도교육지원청,47,경상북도,900,청도군,대산초등학교,1999,초등학교,대부,1025.98,9488,최상만,054-370-1183,경상북도 청도군 각남면 신기길 18-3,경상북도 청도군 각남면 옥산리 15,2022-11-17,8911000,경상북도교육청 경상북도청도교육지원청
8750000,경상북도교육청,8911000,경상북도청도교육지원청,47,경상북도,900,청도군,동곡초김전분교,1999,초등학교,대부,868.48,10581,최상만,054-370-1183,경상북도 청도군 금천면 김전2길 3,경상북도 청도군 금천면 김전리 52,2022-11-17,8911000,경상북도교육청 경상북도청도교육지원청
8750000,경상북도교육청,8911000,경상북도청도교육지원청,47,경상북도,900,청도군,풍각초서부분교,2000,초등학교,대부,962.42,10004,최상만,054-370-1183,경상북도 청도군 풍각면 청려로 359,경상북도 청도군 풍각면 안산리 585,2022-11-17,8911000,경상북도교육청 경상북도청도교육지원청
8750000,경상북도교육청,8911000,경상북도청도교육지원청,47,경상북도,900,청도군,매전초등학교,2012,초등학교,대부,1893,15747,최상만,054-370-1183,경상북도 청도군 매전면 청매로 1288,경상북도 청도군 매전면 온막리 42-4,2022-11-17,8911000,경상북도교육청 경상북도청도교육지원청
9010000,경상남도교육청,9161000,고성교육지원청,48,경상남도,820,고성군,상동초등학교,1999,초등학교,미활용,0,9551,교육재정담당,055-670-8183,경상남도 고성군 동해면 조선특구로 1526,경상남도 고성군 상리면 망림리 528-4,2025-12-01,9010000,경상남도교육청
9010000,경상남도교육청,9161000,고성교육지원청,48,경상남도,820,고성군,동해초등학교대동분교장,1999,초등학교,미활용,546,6557,교육재정담당,055-670-8183,경상남도 고성군 동해면 조선특구로 1526,경상남도 고성군 동해면 용정리 440,2025-12-01,9010000,경상남도교육청
9010000,경상남도교육청,9111000,거제교육지원청,48,경상남도,310,거제시,하청초등학교덕곡분교장,1998,초등학교,미활용,0,5813,교육재정담당,055-630-9283,경상남도 거제시 하청면 연하해안로 1288,경상남도 거제시 하청면 덕곡리 579,2025-12-01,9010000,경상남도교육청
9010000,경상남도교육청,9181000,하동교육지원청,48,경상남도,850,하동군,양보중학교,2016,중학교,대부,2477,15306,교육재정담당,055-880-1974,경상남도 하동군 양보면 진양로 778,경상남도 하동군 양보면 운암리 355-1,2025-12-01,9010000,경상남도교육청
9010000,경상남도교육청,9081000,사천교육지원청,48,경상남도,240,사천시,삼성초등학교가천분교장,1999,초등학교,미활용,1440,9090,교육재정담당,055-830-1579,경상남도 사천시 사남면 사남로 256,경상남도 사천시 사남면 가천리 84,2025-12-01,9010000,경상남도교육청
9010000,경상남도교육청,9211000,거창교육지원청,48,경상남도,880,거창군,산수초등학교,1991,초등학교,미활용,0,5009,교육재정담당,055-940-6173,경상남도 거창군 신원면 청수로 651-5,경상남도 거창군 신원면 덕산리 714-1,2025-12-01,9010000,경상남도교육청
9010000,경상남도교육청,9211000,거창교육지원청,48,경상남도,880,거창군,남상초등학교임불분교장,1994,초등학교,미활용,0,9045,교육재정담당,055-940-6173,경상남도 거창군 남상면 월행로 198-8,경상남도 거창군 남상면 임불리 1107,2025-12-01,9010000,경상남도교육청
9010000,경상남도교육청,9211000,거창교육지원청,48,경상남도,880,거창군,주상초등학교보해분교장,1999,초등학교,미활용,610,7520,교육재정담당,055-940-6173,경상남도 거창군 주상면 보해길 284,경상남도 거창군 주상면 남산리 245,2025-12-01,9010000,경상남도교육청
9010000,경상남도교육청,9071000,통영교육지원청,48,경상남도,220,통영시,한산초등학교좌도분교장,1998,초등학교,미활용,0,3238,교육재정담당,055-650-8085,경상남도 통영시 한산면 동좌리길 13-18,경상남도 통영시 한산면 창좌리 174-1,2025-12-01,9010000,경상남도교육청
9010000,경상남도교육청,9071000,통영교육지원청,48,경상남도,220,통영시,한산초등학교비진분교장,2012,초등학교,미활용,606,7411,교육재정담당,055-650-8085,경상남도 통영시 한산면 내항길 32-5,경상남도 통영시 한산면 비진리 75-3,2025-12-01,9010000,경상남도교육청
9010000,경상남도교육청,9071000,통영교육지원청,48,경상남도,220,통영시,한산초등학교두억분교장,2003,초등학교,미활용,0,6713,교육재정담당,055-650-8085,경상남도 통영시 한산면 두억로 206,경상남도 통영시 한산면 두억리 311-2,2025-12-01,9010000,경상남도교육청
9010000,경상남도교육청,9071000,통영교육지원청,48,경상남도,220,통영시,욕지초등학교옥동분교장,2008,초등학교,미활용,875,5816,교육재정담당,055-650-8085,경상남도 통영시 욕지면 옥동로 45-25,경상남도 통영시 욕지면 동항리 384-1,2025-12-01,9010000,경상남도교육청
9010000,경상남도교육청,9071000,통영교육지원청,48,경상남도,220,통영시,욕지초등학교노대분교장,2012,초등학교,미활용,868,5283,교육재정담당,055-650-8085,경상남도 통영시 욕지면 상리길 35-46,경상남도 통영시 욕지면 노대리 66-3,2025-12-01,9010000,경상남도교육청
9010000,경상남도교육청,9071000,통영교육지원청,48,경상남도,220,통영시,산양초등학교곤리분교장,2025,초등학교,미활용,629,5562,교육재정담당,055-650-8085,경상남도 통영시 산양읍 곤리길 96,경상남도 통영시 산양읍 곤리리 261,2025-12-01,9010000,경상남도교육청
9010000,경상남도교육청,9071000,통영교육지원청,48,경상남도,220,통영시,산양초등학교오비분교장,1998,초등학교,미활용,0,2083,교육재정담당,055-650-8085,경상남도 통영시 산양읍 오비도길 118-10,경상남도 통영시 산양읍 풍화리 1914-2,2025-12-01,9010000,경상남도교육청
9010000,경상남도교육청,9071000,통영교육지원청,48,경상남도,220,통영시,산양초등학교미남분교장,1998,초등학교,미활용,0,6108,교육재정담당,055-650-8085,경상남도 통영시 산양읍 물개길 21,경상남도 통영시 산양읍 미남리 401,2025-12-01,9010000,경상남도교육청
9010000,경상남도교육청,9111000,거제교육지원청,48,경상남도,310,거제시,일운초등학교구조라분교장,1998,초등학교,대부,248.56,8457,교육재정담당,055-630-9283,경상남도 거제시 일운면 구조라로2길 26,경상남도 거제시 일운면 구조라리 58-2,2025-12-01,9010000,경상남도교육청
9010000,경상남도교육청,9111000,거제교육지원청,48,경상남도,310,거제시,일운초등학교 예구분교장,1996,초등학교,대부,0,3101,교육재정담당,055-630-9283,,경상남도 거제시 일운면 와현리 255,2025-12-01,9010000,경상남도교육청
9010000,경상남도교육청,9111000,거제교육지원청,48,경상남도,310,거제시,대금초등학교,1998,초등학교,대부,927,7401,교육재정담당,055-630-9283,경상남도 거제시 장목면 옥포대첩로 1375,경상남도 거제시 장목면 율천리 49-3,2025-12-01,9010000,경상남도교육청
9010000,경상남도교육청,9111000,거제교육지원청,48,경상남도,310,거제시,숭덕초등학교화도분교장,2010,초등학교,대부,357,2327,교육재정담당,055-630-9283,경상남도 거제시 둔덕면 화도길 173,경상남도 거제시 둔덕면 술역리 808-1,2025-12-01,9010000,경상남도교육청
9010000,경상남도교육청,9051000,진주교육지원청,48,경상남도,170,진주시,구)미천초등학교,2007,초등학교,대부,1638,12913,예산담당,055-740-2163,경상남도 진주시 미천면 어옥로 3,경상남도 진주시 미천면 오방리 141-4,2025-12-01,9010000,경상남도교육청
9010000,경상남도교육청,9022000,창원교육지원청,48,경상남도,125,마산합포구,구남중학교구산분교장,2019,중학교,대부,1027,9994,재산관리담당,055-210-0562,경상남도 창원시 마산합포구 구산면 구산로 548,경상남도 창원시 마산합포구 구산면 수정리 653-2,2025-12-01,9010000,경상남도교육청
9010000,경상남도교육청,9131000,함안교육지원청,48,경상남도,730,함안군,법수중학교,2020,중학교,미활용,2413,17842,교육재정담당,055-580-8072,경상남도 함안군 법수면 법수로 214-36,경상남도 함안군 법수면 우거리 912,2025-12-01,9010000,경상남도교육청
9010000,경상남도교육청,9211000,거창교육지원청,48,경상남도,880,거창군,용현초등학교,1992,초등학교,미활용,0,8826,교육재정담당,055-940-6173,경상남도 거창군 신원면 대현길 12,경상남도 거창군 신원면 대현리 86-1,2025-12-01,9010000,경상남도교육청
9010000,경상남도교육청,9141000,창녕교육지원청,48,경상남도,740,창녕군,월령초등학교,1999,초등학교,미활용,0,10821,교육재정담당,055-530-3576,경상남도 창녕군 영산면 달재길 16,경상남도 창녕군 영산면 월령리 995-1,2025-12-01,9010000,경상남도교육청
9010000,경상남도교육청,9191000,산청교육지원청,48,경상남도,860,산청군,입석초등학교,1999,초등학교,미활용,1149,8251,교육재정담당,055-970-3095,경상남도 산청군 단성면 호암로264번길 19-3,경상남도 산청군 단성면 입석리 1154-2,2025-12-01,9010000,경상남도교육청
9010000,경상남도교육청,9022000,창원교육지원청,48,경상남도,125,마산합포구,반동초등학교욱곡분교장,1999,초등학교,미활용,261,4679,재산관리담당,055-210-0562,,경상남도 창원시 마산합포구 구산면 내포리 964-1,2025-12-01,9010000,경상남도교육청
9010000,경상남도교육청,9111000,거제교육지원청,48,경상남도,310,거제시,장목초등학교황포분교장,1996,초등학교,대부,690,5378,교육재정담당,055-630-9283,경상남도 거제시 장목면 황포1길 139,경상남도 거제시 장목면 구영리 735,2025-12-01,9010000,경상남도교육청
9010000,경상남도교육청,9111000,거제교육지원청,48,경상남도,310,거제시,구)숭덕초등학교,2002,초등학교,미활용,1389,8704,교육재정담당,055-630-9283,경상남도 거제시 둔덕면 녹산2길 30-1,경상남도 거제시 둔덕면 술역리 28-3,2025-12-01,9010000,경상남도교육청
9010000,경상남도교육청,9111000,거제교육지원청,48,경상남도,310,거제시,명사초등학교여차분교장,1996,초등학교,대부,0,4973,교육재정담당,055-630-9283,경상남도 거제시 남부면 여차길 12-4,경상남도 거제시 남부면 다포리 39,2025-12-01,9010000,경상남도교육청
9010000,경상남도교육청,9111000,거제교육지원청,48,경상남도,310,거제시,동부초등학교가배분교장,1999,초등학교,미활용,924,6096,교육재정담당,055-630-9283,경상남도 거제시 동부면 거제남서로 2232,경상남도 거제시 동부면 가배리 374,2025-12-01,9010000,경상남도교육청
9010000,경상남도교육청,9171000,남해교육지원청,48,경상남도,840,남해군,남수중학교,2019,중학교,미활용,1647,3771,교육재정담당,055-860-4184,경상남도 남해군 삼동면 동부대로 1810,경상남도 남해군 삼동면 지족리 192-1,2025-12-01,9010000,경상남도교육청
9010000,경상남도교육청,9171000,남해교육지원청,48,경상남도,840,남해군,고현중학교,2019,중학교,대부,2307,15276,교육재정담당,055-860-4184,경상남도 남해군 고현면 삼봉로 154,경상남도 남해군 고현면 포상리 152,2025-12-01,9010000,경상남도교육청
9010000,경상남도교육청,9161000,고성교육지원청,48,경상남도,820,고성군,거류초등학교대장분교장,1999,초등학교,미활용,0,5683,교육재정담당,055-670-8183,경상남도 고성군 동해면 구절로 106,경상남도 고성군 동해면 장좌리 756-2,2025-12-01,9010000,경상남도교육청
9010000,경상남도교육청,9071000,통영교육지원청,48,경상남도,220,통영시,사량초등학교돈지분교장,2012,초등학교,미활용,657,5339,교육재정담당,055-650-8085,경상남도 통영시 사량면 돈지길 86-4,경상남도 통영시 사량면 돈지리 675,2025-12-01,9010000,경상남도교육청
9010000,경상남도교육청,9081000,사천교육지원청,48,경상남도,240,사천시,삼천포초등학교늑도분교장,2006,초등학교,미활용,0,4915,교육재정담당,055-830-1579,경상남도 사천시 늑도길 20-33,경상남도 사천시 늑도동 15,2025-12-01,9010000,경상남도교육청
9010000,경상남도교육청,9081000,사천교육지원청,48,경상남도,240,사천시,장동초등학교신월분교장,1994,초등학교,미활용,688.26,7860,교육재정담당,055-830-1579,경상남도 사천시 정동면 소곡길 69,경상남도 사천시 정동면 소곡리 423,2025-12-01,9010000,경상남도교육청
9010000,경상남도교육청,9081000,사천교육지원청,48,경상남도,240,사천시,초전초등학교,1999,초등학교,미활용,943.11,5806,교육재정담당,055-830-1579,경상남도 사천시 사남면 초전로 71,경상남도 사천시 사남면 초전리 551-1,2025-12-01,9010000,경상남도교육청
9010000,경상남도교육청,9081000,사천교육지원청,48,경상남도,240,사천시,서포초등학교자혜분교장,1999,초등학교,미활용,488,6308,교육재정담당,055-830-1579,경상남도 사천시 서포면 자구로 177,경상남도 사천시 서포면 자혜리 519,2025-12-01,9010000,경상남도교육청
9010000,경상남도교육청,9171000,남해교육지원청,48,경상남도,840,남해군,남명초등학교평산분교장,1998,초등학교,대부,892,11515,교육재정담당,055-860-4184,경상남도 남해군 남면 남면로 1653,경상남도 남해군 남면 평산리 1446,2025-12-01,9010000,경상남도교육청
9010000,경상남도교육청,9171000,남해교육지원청,48,경상남도,840,남해군,미조초등학교호도분교장,1999,초등학교,미활용,112,843,교육재정담당,055-860-4184,경상남도 남해군 미조면 호도길 35,경상남도 남해군 미조면 미조리 1160,2025-12-01,9010000,경상남도교육청
9010000,경상남도교육청,9171000,남해교육지원청,48,경상남도,840,남해군,성남초등학교,1999,초등학교,미활용,928,10524,교육재정담당,055-860-4184,경상남도 남해군 이동면 남서대로 198-1,경상남도 남해군 이동면 화계리 302,2025-12-01,9010000,경상남도교육청
9010000,경상남도교육청,9131000,함안교육지원청,48,경상남도,730,함안군,외암초등학교별천분교장,1989,초등학교,미활용,475,15316,교육재정담당,055-580-8072,경상남도 함안군 여항면 여항로 421,경상남도 함안군 여항면 주동리 352,2025-12-01,9010000,경상남도교육청
9010000,경상남도교육청,9201000,함양교육지원청,48,경상남도,870,함양군,유림초등학교화남분교장,1992,초등학교,미활용,0,8894,교육재정담당,055-960-2776,경상남도 함양군 병곡면 마평아랫길 2,경상남도 함양군 병곡면 광평리 880,2025-12-01,9010000,경상남도교육청
9010000,경상남도교육청,9201000,함양교육지원청,48,경상남도,870,함양군,팔령초등학교,1999,초등학교,미활용,1035,0,교육재정담당,055-960-2776,경상남도 함양군 함양읍 원구길 77,경상남도 함양군 함양읍 구룡리 730-2,2025-12-01,9010000,경상남도교육청
9010000,경상남도교육청,9221000,합천교육지원청,48,경상남도,890,합천군,율곡초등학교,1999,초등학교,미활용,1792,45564,교육재정담당,055-930-7094,경상남도 합천군 율곡면 와리길 12,경상남도 합천군 율곡면 와리 384,2025-12-01,9010000,경상남도교육청
9010000,경상남도교육청,9221000,합천교육지원청,48,경상남도,890,합천군,봉산초등학교옥계분교장,1999,초등학교,미활용,1142,6533,교육재정담당,055-930-7094,경상남도 합천군 봉산면 노곡1길 58,경상남도 합천군 봉산면 노곡리 918-2,2025-12-01,9010000,경상남도교육청
9010000,경상남도교육청,9221000,합천교육지원청,48,경상남도,890,합천군,봉산초등학교오남분교장,1998,초등학교,미활용,0,10616,교육재정담당,055-930-7094,경상남도 합천군 봉산면 권빈1길 24-8,경상남도 합천군 봉산면 권빈리 639,2025-12-01,9010000,경상남도교육청
8490000,전라남도교육청,8511000,여수교육지원청,46,전라남도,130,여수시,율촌초산수분교장,2021,초등학교,미활용,680,8592,재정과,061-260-0792,전라남도 여수시 율촌면 왕바위길 135,전라남도 여수시 율촌면 산수리 642,2025-11-18,8490000,전라남도교육청
8490000,전라남도교육청,8511000,여수교육지원청,46,전라남도,130,여수시,거문초동도분교장,2020,초등학교,미활용,486,795057,재정과,061-260-0792,전라남도 여수시 삼산면 동도로 139,전라남도 여수시 삼산면 동도리 1012,2025-11-18,8490000,전라남도교육청
8490000,전라남도교육청,8511000,여수교육지원청,46,전라남도,130,여수시,거문초덕촌분교장,2019,초등학교,미활용,541,7033,재정과,061-260-0792,전라남도 여수시 삼산면 덕흥1길 26,전라남도 여수시 삼산면 덕촌리 814-1,2025-11-18,8490000,전라남도교육청
8490000,전라남도교육청,8511000,여수교육지원청,46,전라남도,130,여수시,거문중초도분교장,2017,중학교,미활용,773,1186,재정과,061-260-0792,전라남도 여수시 삼산면 초도로 48,전라남도 여수시 삼산면 초도리 산456,2025-11-18,8490000,전라남도교육청
8490000,전라남도교육청,8511000,여수교육지원청,46,전라남도,130,여수시,화태초여동분교장,2015,초등학교,미활용,534,4571,재정과,061-260-0792,전라남도 여수시 남면 횡간해안길 94-8,전라남도 여수시 남면 횡간리 251,2025-11-18,8490000,전라남도교육청
8490000,전라남도교육청,8511000,여수교육지원청,46,전라남도,130,여수시,연도초역포분교장,2009,초등학교,미활용,313,3786,재정과,061-260-0792,전라남도 여수시 남면 역포안길 26,전라남도 여수시 남면 연도리 881,2025-11-18,8490000,전라남도교육청
8490000,전라남도교육청,8511000,여수교육지원청,46,전라남도,130,여수시,돌산초대신분교장,2005,초등학교,미활용,1163,12211,재정과,061-260-0792,전라남도 여수시 돌산읍 돌산로 958,전라남도 여수시 돌산읍 신복리 730,2025-11-18,8490000,전라남도교육청
8490000,전라남도교육청,8511000,여수교육지원청,46,전라남도,130,여수시,율촌초송도분교장,2001,초등학교,미활용,0,3699,재정과,061-260-0792,,전라남도 여수시 율촌면 여동리 185,2025-11-18,8490000,전라남도교육청
8490000,전라남도교육청,8511000,여수교육지원청,46,전라남도,130,여수시,금성초등학교,1999,초등학교,미활용,992,7277,재정과,061-260-0792,전라남도 여수시 돌산읍 돌산로 616-20,전라남도 여수시 돌산읍 금성리 475,2025-11-18,8490000,전라남도교육청
8490000,전라남도교육청,8511000,여수교육지원청,46,전라남도,130,여수시,소라중앙초등학교,1992,초등학교,미활용,1075,7004,재정과,061-260-0792,전라남도 여수시 소라면 당촌길 49,전라남도 여수시 소라면 봉두리 662,2025-11-18,8490000,전라남도교육청
8490000,전라남도교육청,8511000,여수교육지원청,46,전라남도,130,여수시,초도초광도분교장,1991,초등학교,미활용,87,761,재정과,061-260-0792,,전라남도 여수시 삼산면 손죽리 산54,2025-11-18,8490000,전라남도교육청
9010000,경상남도교육청,9071000,통영교육지원청,48,경상남도,220,통영시,광호초등학교,1999,초등학교,대부,744,6319,교육재정담당,055-650-8085,경상남도 통영시 광도면 용호로 277,경상남도 통영시 광도면 용호리 206,2025-12-01,9010000,경상남도교육청
9010000,경상남도교육청,9071000,통영교육지원청,48,경상남도,220,통영시,도산초등학교도남분교장,1998,초등학교,대부,792,5372,교육재정담당,055-650-8085,경상남도 통영시 도산면 도산일주로 715,경상남도 통영시 도산면 저산리 613-1,2025-12-01,9010000,경상남도교육청
9010000,경상남도교육청,9071000,통영교육지원청,48,경상남도,220,통영시,한산초등학교,2013,초등학교,대부,1210,7426,교육재정담당,055-650-8085,경상남도 통영시 한산면 한산일주로 622,경상남도 통영시 한산면 창좌리 726-1,2025-12-01,9010000,경상남도교육청
8490000,전라남도교육청,8521000,순천교육지원청,46,전라남도,150,순천시,황전초대치분교장,2014,초등학교,대부,1617,22682,재정과,061-260-0792,전라남도 순천시 황전면 삽재팔동길 150,전라남도 순천시 황전면 대치리 435,2025-11-18,8490000,전라남도교육청
8490000,전라남도교육청,8521000,순천교육지원청,46,전라남도,150,순천시,황전북초용림분교장,2011,초등학교,대부,451,9327,재정과,061-260-0792,전라남도 순천시 황전면 장터길 39,전라남도 순천시 황전면 선변리 745-4,2025-11-18,8490000,전라남도교육청
8490000,전라남도교육청,8521000,순천교육지원청,46,전라남도,150,순천시,낙안초창녕분교장,2014,초등학교,대부,214,4033,재정과,061-260-0792,전라남도 순천시 낙안면 창녕길 7,전라남도 순천시 낙안면 창녕리 592-1,2025-11-18,8490000,전라남도교육청
8490000,전라남도교육청,8521000,순천교육지원청,46,전라남도,150,순천시,해룡초농주분교장,2011,초등학교,대부,1644,23459,재정과,061-260-0792,전라남도 순천시 해룡면 하사길 5,전라남도 순천시 해룡면 농주리 12,2025-11-18,8490000,전라남도교육청
8490000,전라남도교육청,8521000,순천교육지원청,46,전라남도,150,순천시,순천남초삼거분교장,1999,초등학교,대부,0,13929,재정과,061-260-0792,,전라남도 순천시 삼거동 125-1,2025-11-18,8490000,전라남도교육청
8490000,전라남도교육청,8521000,순천교육지원청,46,전라남도,150,순천시,황전초평죽분교장,1992,초등학교,미활용,659,6948,재정과,061-260-0792,전라남도 순천시 황전면 건구칠동로 216,전라남도 순천시 황전면 평촌리 산193-1,2025-11-18,8490000,전라남도교육청
8490000,전라남도교육청,8601000,보성교육지원청,46,전라남도,780,보성군,회천서초등학교,2025,초등학교,미활용,1830,16070,재정과,061-260-0792,전라남도 보성군 회천면 시장길 12,전라남도 보성군 회천면 회령리 514,2025-11-18,8490000,전라남도교육청
9010000,경상남도교육청,9171000,남해교육지원청,48,경상남도,840,남해군,서창선초등학교,1999,초등학교,자체활용,1402,8576,교육재정담당,055-860-4184,경상남도 남해군 창선면 서부로 1058-18,경상남도 남해군 창선면 율도리 546,2025-12-01,9010000,경상남도교육청
9010000,경상남도교육청,9091000,김해교육지원청,48,경상남도,250,김해시,김해봉황초등학교이화분교장,1998,초등학교,자체활용,975,6897,예산담당,055-330-7633,경상남도 김해시 화목로 180,경상남도 김해시 화목동 60-5,2025-12-01,9010000,경상남도교육청
9010000,경상남도교육청,9091000,김해교육지원청,48,경상남도,250,김해시,구)수남초등학교,2009,초등학교,자체활용,711,8687,예산담당,055-330-7633,경상남도 김해시 수가로 271,경상남도 김해시 응달동 154-21,2025-12-01,9010000,경상남도교육청
9010000,경상남도교육청,9071000,통영교육지원청,48,경상남도,220,통영시,한려초등학교영운분교장,2021,초등학교,미활용,1283,15567,교육재정담당,055-650-8085,경상남도 통영시 산양읍 산양일주로 236,경상남도 통영시 산양읍 영운리 860,2025-12-01,9010000,경상남도교육청
9010000,경상남도교육청,9221000,합천교육지원청,48,경상남도,890,합천군,도성초등학교,1994,초등학교,대부,0,51719,교육재정담당,055-930-7094,경상남도 합천군 가회면 도탄1길 1,경상남도 합천군 가회면 도탄리 1078,2025-12-01,9010000,경상남도교육청
9010000,경상남도교육청,9051000,진주교육지원청,48,경상남도,170,진주시,대곡초등학교마진분교장,1998,초등학교,미활용,0,4917,예산담당,055-740-2163,경상남도 진주시 대곡면 마진한실로257번길 14,경상남도 진주시 대곡면 마진리 195,2025-12-01,9010000,경상남도교육청
9010000,경상남도교육청,9051000,진주교육지원청,48,경상남도,170,진주시,덕오초등학교,2009,초등학교,미활용,0,11087,예산담당,055-740-2163,경상남도 진주시 집현면 향양로 145,경상남도 진주시 집현면 덕오리 725-2,2025-12-01,9010000,경상남도교육청
9010000,경상남도교육청,9181000,하동교육지원청,48,경상남도,850,하동군,양보초등학교우복분교장,1992,초등학교,미활용,0,7674,교육재정담당,055-880-1974,경상남도 하동군 양보면 동촌몰랑길 35-1,경상남도 하동군 양보면 우복리 395-1,2025-12-01,9010000,경상남도교육청
9010000,경상남도교육청,9022000,창원교육지원청,48,경상남도,127,마산회원구,중리초등학교안평분교장,1999,초등학교,미활용,674,6529,재산관리담당,055-210-0562,경상남도 창원시 마산회원구 내서읍 안성로 29,경상남도 창원시 마산회원구 내서읍 평성리 23-2,2025-12-01,9010000,경상남도교육청
9010000,경상남도교육청,9022000,창원교육지원청,48,경상남도,125,마산합포구,반동초등학교원전분교장,1999,초등학교,미활용,419,11934,재산관리담당,055-210-0562,경상남도 창원시 마산합포구 구산면 원전1길 29-21,경상남도 창원시 마산합포구 구산면 심리 181-3,2025-12-01,9010000,경상남도교육청
9010000,경상남도교육청,9181000,하동교육지원청,48,경상남도,850,하동군,진교초등학교고이분교장,1992,초등학교,대부,0,10407,교육재정담당,055-880-1974,경상남도 하동군 진교면 고원로 196,경상남도 하동군 진교면 고이리 457-1,2025-12-01,9010000,경상남도교육청
9010000,경상남도교육청,9181000,하동교육지원청,48,경상남도,850,하동군,운암초등학교,1999,초등학교,미활용,1937,11253,교육재정담당,055-880-1974,경상남도 하동군 양보면 상고개로 13-8,경상남도 하동군 양보면 운암리 251,2025-12-01,9010000,경상남도교육청
9010000,경상남도교육청,9022000,창원교육지원청,48,경상남도,125,마산합포구,진전초등학교낙동분교장,1999,초등학교,대부,335,4179,재산관리담당,055-210-0562,경상남도 창원시 마산합포구 진전면 회진로 1015-19,경상남도 창원시 마산합포구 진전면 시락리 218,2025-12-01,9010000,경상남도교육청
9010000,경상남도교육청,9161000,고성교육지원청,48,경상남도,820,고성군,회화초등학교동창분교장,1998,초등학교,대부,355,5830,교육재정담당,055-670-8183,경상남도 고성군 회화면 어신2길 313-68,경상남도 고성군 회화면 어신리 937-1,2025-12-01,9010000,경상남도교육청
9010000,경상남도교육청,9161000,고성교육지원청,48,경상남도,820,고성군,삼덕초등학교,1993,초등학교,미활용,0,7387,교육재정담당,055-670-8183,경상남도 고성군 회화면 삼덕3길 3,경상남도 고성군 회화면 삼덕리 1397-3,2025-12-01,9010000,경상남도교육청
9010000,경상남도교육청,9191000,산청교육지원청,48,경상남도,860,산청군,신천초등학교중산분교장,2008,초등학교,미활용,380,4278,교육재정담당,055-970-3095,경상남도 산청군 시천면 지리산대로 653,경상남도 산청군 시천면 중산리 293-4,2025-12-01,9010000,경상남도교육청
9010000,경상남도교육청,9161000,고성교육지원청,48,경상남도,820,고성군,삼오초등학교,1999,초등학교,미활용,110,10810,교육재정담당,055-670-8183,경상남도 고성군 삼산면 공룡로 1662-40,경상남도 고성군 삼산면 장치리 328,2025-12-01,9010000,경상남도교육청
9010000,경상남도교육청,9181000,하동교육지원청,48,경상남도,850,하동군,양포초등학교,1999,초등학교,대부,590,10937,교육재정담당,055-880-1974,경상남도 하동군 진교면 들포길 233-11,경상남도 하동군 진교면 양포리 111-1,2025-12-01,9010000,경상남도교육청
9010000,경상남도교육청,9091000,김해교육지원청,48,경상남도,250,김해시,신월초등학교,1994,초등학교,자체활용,753,10616,예산담당,055-330-7633,경상남도 김해시 진례면 서부로860번길 5,경상남도 김해시 진례면 신월리 440-2,2025-12-01,9010000,경상남도교육청
9010000,경상남도교육청,9181000,하동교육지원청,48,경상남도,850,하동군,신흥초등학교,1992,초등학교,대부,0,5883,교육재정담당,055-880-1974,경상남도 하동군 북천면 경서대로 2087,경상남도 하동군 북천면 사평리 491-2,2025-12-01,9010000,경상남도교육청
9010000,경상남도교육청,9161000,고성교육지원청,48,경상남도,820,고성군,하일초등학교장춘분교장,2012,초등학교,미활용,1427,7483,교육재정담당,055-670-8183,경상남도 고성군 하일면 춘암4길 1,경상남도 고성군 하일면 춘암리 401-2,2025-12-01,9010000,경상남도교육청
9010000,경상남도교육청,9181000,하동교육지원청,48,경상남도,850,하동군,박달초등학교,1994,초등학교,미활용,0,12592,교육재정담당,055-880-1974,경상남도 하동군 양보면 상고개로 249,경상남도 하동군 양보면 박달리 548-3,2025-12-01,9010000,경상남도교육청
9010000,경상남도교육청,9181000,하동교육지원청,48,경상남도,850,하동군,적량초등학교영신분교장,2007,초등학교,미활용,0,1137,교육재정담당,055-880-1974,경상남도 하동군 적량면 황금길 42,경상남도 하동군 적량면 동산리 542,2025-12-01,9010000,경상남도교육청
9010000,경상남도교육청,9191000,산청교육지원청,48,경상남도,860,산청군,금호초등학교,1994,초등학교,미활용,0,5779,교육재정담당,055-970-3095,경상남도 산청군 차황면 신차로2116번길 10,경상남도 산청군 차황면 실매리 183,2025-12-01,9010000,경상남도교육청
9010000,경상남도교육청,9101000,밀양교육지원청,48,경상남도,270,밀양시,상동중학교,2018,중학교,자체활용,4323,14858,교육재정담당,055-350-1583,경상남도 밀양시 상동면 금산5길 4,경상남도 밀양시 상동면 금산리 887-3,2025-12-01,9010000,경상남도교육청
9010000,경상남도교육청,9141000,창녕교육지원청,48,경상남도,740,창녕군,유어초등학교회룡분교장,1997,초등학교,자체활용,1270,6584,교육재정담당,055-530-3576,경상남도 창녕군 유어면 대대길 8,경상남도 창녕군 유어면 대대리 387-1,2025-12-01,9010000,경상남도교육청
9010000,경상남도교육청,9141000,창녕교육지원청,48,경상남도,740,창녕군,창락초등학교,2007,초등학교,자체활용,1770,16643,교육재정담당,055-530-3576,경상남도 창녕군 창녕읍 창녕장마로 793,경상남도 창녕군 창녕읍 퇴천리 544,2025-12-01,9010000,경상남도교육청
9010000,경상남도교육청,9191000,산청교육지원청,48,경상남도,860,산청군,경호중고등학교,2018,중학교,자체활용,4043,20232,교육재정담당,055-970-3095,경상남도 산청군 금서면 화계오봉로 17,경상남도 산청군 금서면 화계리 645-2,2025-12-01,9010000,경상남도교육청
9010000,경상남도교육청,9191000,산청교육지원청,48,경상남도,860,산청군,신천초등학교내대분교장,1993,초등학교,자체활용,968,8466,교육재정담당,055-970-3095,경상남도 산청군 시천면 삼신봉로 670,경상남도 산청군 시천면 내대리 569,2025-12-01,9010000,경상남도교육청
9010000,경상남도교육청,9091000,김해교육지원청,48,경상남도,250,김해시,금곡초등학교,1999,초등학교,자체활용,732,8215,예산담당,055-330-7633,경상남도 김해시 한림면 금곡로182번길 43,경상남도 김해시 한림면 금곡리 851-3,2025-12-01,9010000,경상남도교육청
9010000,경상남도교육청,9081000,사천교육지원청,48,경상남도,240,사천시,구)사남초등학교,1999,초등학교,자체활용,54,9688,교육재정담당,055-830-1579,경상남도 사천시 사남면 진삼로 1023,경상남도 사천시 사남면 죽천리 380,2025-12-01,9010000,경상남도교육청
9010000,경상남도교육청,9081000,사천교육지원청,48,경상남도,240,사천시,선진초등학교,2012,초등학교,자체활용,91,14439,교육재정담당,055-830-1579,경상남도 사천시 사남면 사남로 256,경상남도 사천시 용현면 통양리 108,2025-12-01,9010000,경상남도교육청
9010000,경상남도교육청,9131000,함안교육지원청,48,경상남도,730,함안군,칠북초등학교,2015,초등학교,자체활용,1762,25655,교육재정담당,055-580-8072,경상남도 함안군 칠북면 단내로 57,경상남도 함안군 칠북면 검단리 980,2025-12-01,9010000,경상남도교육청
9010000,경상남도교육청,9131000,함안교육지원청,48,경상남도,730,함안군,신음초등학교,1999,초등학교,자체활용,0,2468,교육재정담당,055-580-8072,,경상남도 함안군 가야읍 신음리 1034,2025-12-01,9010000,경상남도교육청
9010000,경상남도교육청,9171000,남해교육지원청,48,경상남도,840,남해군,송남초등학교,1999,초등학교,자체활용,922,8092,교육재정담당,055-860-4184,경상남도 남해군 미조면 미송로483번길 4-35,경상남도 남해군 미조면 송정리 1175-4,2025-12-01,9010000,경상남도교육청
9010000,경상남도교육청,9171000,남해교육지원청,48,경상남도,840,남해군,성호중학교,1995,중학교,자체활용,1396,2840,교육재정담당,055-860-4184,경상남도 남해군 서면 남서대로 1645,경상남도 남해군 서면 서상리 665-1,2025-12-01,9010000,경상남도교육청
9010000,경상남도교육청,9051000,진주교육지원청,48,경상남도,170,진주시,구)진주중앙중학교,1978,중학교,자체활용,4316,20995,예산담당,055-740-2163,경상남도 진주시 공단로43번길 25,경상남도 진주시 상평동 272-3,2025-12-01,9010000,경상남도교육청
9010000,경상남도교육청,9051000,진주교육지원청,48,경상남도,170,진주시,구)진양고등학교,2019,고등학교,자체활용,6015,20482,예산담당,055-740-2163,경상남도 진주시 문산읍 동부로 588번길 18,경상남도 진주시 문산읍 삼곡리 660,2025-12-01,9010000,경상남도교육청
9010000,경상남도교육청,9051000,진주교육지원청,48,경상남도,170,진주시,구)문산중학교,2016,중학교,자체활용,632,674,예산담당,055-740-2163,경상남도 진주시 문산읍 동부로588번길 20,경상남도 진주시 문산읍 삼곡리 640-1,2025-12-01,9010000,경상남도교육청
9010000,경상남도교육청,9051000,진주교육지원청,48,경상남도,170,진주시,이반성초등학교진산분교장,1999,초등학교,자체활용,1377,21542,예산담당,055-740-2163,경상남도 진주시 이반성면 길성길 1-80,경상남도 진주시 이반성면 가산리 151-1,2025-12-01,9010000,경상남도교육청
9010000,경상남도교육청,9051000,진주교육지원청,48,경상남도,170,진주시,한평초등학교,2018,초등학교,자체활용,1177,6735,예산담당,055-740-2163,경상남도 진주시 대평면 한들길 65,경상남도 진주시 대평면 대평리 509,2025-12-01,9010000,경상남도교육청
9010000,경상남도교육청,9051000,진주교육지원청,48,경상남도,170,진주시,구)장재초등학교,2015,초등학교,자체활용,2187,13251,예산담당,055-740-2163,경상남도 진주시 진산로358번길 13,경상남도 진주시 장재동 582,2025-12-01,9010000,경상남도교육청
9010000,경상남도교육청,9181000,하동교육지원청,48,경상남도,850,하동군,매계초등학교,1998,초등학교,자체활용,1270,11937,교육재정담당,055-880-1974,경상남도 하동군 악양면 악양서로 588,경상남도 하동군 악양면 매계리 75,2025-12-01,9010000,경상남도교육청
9010000,경상남도교육청,9181000,하동교육지원청,48,경상남도,850,하동군,신기초등학교,2007,초등학교,자체활용,5372,13560,교육재정담당,055-880-1974,경상남도 하동군 양보면 진양로 1097,경상남도 하동군 하동읍 신기리 429-8,2025-12-01,9010000,경상남도교육청
9010000,경상남도교육청,9081000,사천교육지원청,48,경상남도,240,사천시,삼성초등학교유천분교장,1998,초등학교,대부,296,5110,교육재정담당,055-830-1579,경상남도 사천시 사남면 유천길 214,경상남도 사천시 사남면 유천리 182,2025-12-01,9010000,경상남도교육청
9010000,경상남도교육청,9091000,김해교육지원청,48,경상남도,250,김해시,신천초등학교,2014,초등학교,대부,1935,5212,예산담당,055-330-7633,경상남도 김해시 한림면 김해대로 1439-11,경상남도 김해시 한림면 신천리 662,2025-12-01,9010000,경상남도교육청
9010000,경상남도교육청,9211000,거창교육지원청,48,경상남도,880,거창군,거창초등학교화산분교장,1994,초등학교,자체활용,2132,8434,교육재정담당,055-940-6173,경상남도 거창군 거창읍 거열로4길 235,경상남도 거창군 거창읍 가지리 434-1,2025-12-01,9010000,경상남도교육청
9010000,경상남도교육청,9211000,거창교육지원청,48,경상남도,880,거창군,마리중학교,2016,중학교,자체활용,0,15939,교육재정담당,055-940-6173,경상남도 거창군 마리면 송림길 52,경상남도 거창군 마리면 말흘리 347,2025-12-01,9010000,경상남도교육청
9010000,경상남도교육청,9211000,거창교육지원청,48,경상남도,880,거창군,위천중학교,2016,중학교,자체활용,0,16498,교육재정담당,055-940-6173,경상남도 거창군 위천면 모동길 11-15,경상남도 거창군 위천면 장기리 381,2025-12-01,9010000,경상남도교육청
7430000,대전광역시교육청,7451000,대전광역시서부교육지원청,30,대전광역시,200,유성구,구)대동초,1997,초등학교,자체활용,1196,12502,재정과,042-616-8712,대전광역시 유성구 대금로77 (대동),대전광역시 유성구 대동 323,2025-11-04,7430000,대전광역시교육청
7430000,대전광역시교육청,7451000,대전광역시서부교육지원청,30,대전광역시,200,유성구,구)진잠초 방성분교,1995,초등학교,자체활용,756,11937,재정과,042-616-8712,대전광역시 유성구 성북로161번안길 181(성북동),대전광역시 유성구 성북동 188-1,2025-11-04,7430000,대전광역시교육청
9290000,제주특별자치도교육청,9299000,제주특별자치도 서귀포시교육지원청,50,제주특별자치도,130,서귀포시,하천초등학교,2001,초등학교,자체활용,1237.13,8026,미래공간기획과,064-710-0783,제주특별자치도 서귀포시 표선면 하천로 11,,2025-11-06,9290000,제주특별자치도교육청
9290000,제주특별자치도교육청,9299000,제주특별자치도 서귀포시교육지원청,50,제주특별자치도,130,서귀포시,화산초등학교,2001,초등학교,대부,1352.81,16115,미래공간기획과,064-710-0783,제주특별자치도 서귀포시 표선면 세화강왓로 105,,2025-11-06,9290000,제주특별자치도교육청
9290000,제주특별자치도교육청,9299000,제주특별자치도 서귀포시교육지원청,50,제주특별자치도,130,서귀포시,가시초등학교,2001,초등학교,자체활용,1087.29,13815,미래공간기획과,064-710-0783,제주특별자치도 서귀포시 표선면 가시로613번길 46,,2025-11-06,9290000,제주특별자치도교육청
9290000,제주특별자치도교육청,9299000,제주특별자치도 서귀포시교육지원청,50,제주특별자치도,130,서귀포시,신산중학교,2001,중학교,미활용,0,16192,미래공간기획과,064-710-0783,,제주특별자치도 서귀포시 성산읍 신산리 953,2025-11-06,9290000,제주특별자치도교육청
9290000,제주특별자치도교육청,9299000,제주특별자치도 서귀포시교육지원청,50,제주특별자치도,130,서귀포시,신산초삼달분교장,1998,초등학교,대부,946.85,8715,미래공간기획과,064-710-0783,제주특별자치도 서귀포시 성산읍 삼달로 137,,2025-11-06,9290000,제주특별자치도교육청
9290000,제주특별자치도교육청,9299000,제주특별자치도 서귀포시교육지원청,50,제주특별자치도,130,서귀포시,풍천초신풍분교장,1996,초등학교,대부,625.94,9378,미래공간기획과,064-710-0783,제주특별자치도 서귀포시 성산읍 신풍하동로 37,,2025-11-06,9290000,제주특별자치도교육청
9290000,제주특별자치도교육청,9299000,제주특별자치도 서귀포시교육지원청,50,제주특별자치도,130,서귀포시,신산초난산분교장,1995,초등학교,미활용,0,8680,미래공간기획과,064-710-0783,,제주특별자치도 서귀포시 성산읍 난산리 1109,2025-11-06,9290000,제주특별자치도교육청
9290000,제주특별자치도교육청,9299000,제주특별자치도 서귀포시교육지원청,50,제주특별자치도,130,서귀포시,무릉중학교,1999,중학교,자체활용,1634.67,14694,미래공간기획과,064-710-0783,제주특별자치도 서귀포시 대정읍 서삼중로 117,,2025-11-06,9290000,제주특별자치도교육청
9290000,제주특별자치도교육청,9299000,제주특별자치도 서귀포시교육지원청,50,제주특별자치도,130,서귀포시,신도초등학교,1998,초등학교,미활용,1058.74,11621,미래공간기획과,064-710-0783,제주특별자치도 서귀포시 대정읍 서삼중로 232,,2025-11-06,9290000,제주특별자치도교육청
9290000,제주특별자치도교육청,9299000,제주특별자치도 서귀포시교육지원청,50,제주특별자치도,130,서귀포시,영락초등학교,1995,초등학교,미활용,0,13526,미래공간기획과,064-710-0783,,제주특별자치도 서귀포시 대정읍 영락리 1278,2025-11-06,9290000,제주특별자치도교육청
9290000,제주특별자치도교육청,9299000,제주특별자치도 서귀포시교육지원청,50,제주특별자치도,130,서귀포시,보성초구억분교장,1995,초등학교,대부,399.05,5287,미래공간기획과,064-710-0783,제주특별자치도 서귀포시 대정읍 중산간서로 2345,,2025-11-06,9290000,제주특별자치도교육청
9290000,제주특별자치도교육청,9299000,제주특별자치도 서귀포시교육지원청,50,제주특별자치도,130,서귀포시,무릉초무릉동분교장,1994,초등학교,대부,581.9,9150,미래공간기획과,064-710-0783,제주특별자치도 서귀포시 대정읍 중산간서로2881번길 35-8,,2025-11-06,9290000,제주특별자치도교육청
9290000,제주특별자치도교육청,9299000,제주특별자치도 서귀포시교육지원청,50,제주특별자치도,130,서귀포시,보성초신평분교장,1992,초등학교,대부,356.1,10221,미래공간기획과,064-710-0783,제주특별자치도 서귀포시 대정읍 중산간서로 2596,,2025-11-06,9290000,제주특별자치도교육청
9290000,제주특별자치도교육청,9299000,제주특별자치도 서귀포시교육지원청,50,제주특별자치도,130,서귀포시,신도초보흥분교장,1983,초등학교,미활용,0,2159,미래공간기획과,064-710-0783,,제주특별자치도 서귀포시 대정읍 신도리2595-2,2025-11-06,9290000,제주특별자치도교육청
9290000,제주특별자치도교육청,9299000,제주특별자치도 서귀포시교육지원청,50,제주특별자치도,130,서귀포시,서광초동광분교장,2009,초등학교,대부,481.15,12308,미래공간기획과,064-710-0783,제주특별자치도 서귀포시 안덕면 동광로 107,,2025-11-06,9290000,제주특별자치도교육청
9290000,제주특별자치도교육청,9299000,제주특별자치도 서귀포시교육지원청,50,제주특별자치도,130,서귀포시,안덕초대평분교장,1996,초등학교,대부,799.14,12221,미래공간기획과,064-710-0783,제주특별자치도 서귀포시 안덕면 대평감산로 27,,2025-11-06,9290000,제주특별자치도교육청
9290000,제주특별자치도교육청,9299000,제주특별자치도 서귀포시교육지원청,50,제주특별자치도,130,서귀포시,창천초상천분교장,1992,초등학교,미활용,82.64,2247,미래공간기획과,064-710-0783,제주특별자치도 서귀포시 안덕면 병악로 421,,2025-11-06,9290000,제주특별자치도교육청
9290000,제주특별자치도교육청,9296000,제주특별자치도 제주시교육지원청,50,제주특별자치도,110,제주시,연평초등학교,2000,초등학교,대부,422.72,18967,미래공간기획과,064-710-0785,제주특별자치도 제주시 우도면 우도로 159,,2025-11-06,9290000,제주특별자치도교육청
9290000,제주특별자치도교육청,9296000,제주특별자치도 제주시교육지원청,50,제주특별자치도,110,제주시,신창중학교,1998,중학교,미활용,305.71,16743,미래공간기획과,064-710-0785,제주특별자치도 제주시 한경면 일주서로 4275,,2025-11-06,9290000,제주특별자치도교육청
9290000,제주특별자치도교육청,9296000,제주특별자치도 제주시교육지원청,50,제주특별자치도,110,제주시,판포초등학교,1996,초등학교,대부,0,7954,미래공간기획과,064-710-0785,제주특별자치도 제주시 한경면 판포2길 45,,2025-11-06,9290000,제주특별자치도교육청
9290000,제주특별자치도교육청,9296000,제주특별자치도 제주시교육지원청,50,제주특별자치도,110,제주시,고산초산양분교장,1995,초등학교,대부,1077.64,12782,미래공간기획과,064-710-0785,제주특별자치도 제주시 한경면 중산간서로 3181,,2025-11-06,9290000,제주특별자치도교육청
9290000,제주특별자치도교육청,9296000,제주특별자치도 제주시교육지원청,50,제주특별자치도,110,제주시,조수초등학교,1995,초등학교,대부,1000.6,11709,미래공간기획과,064-710-0785,제주특별자치도 제주시 한경면 용금로 449,,2025-11-06,9290000,제주특별자치도교육청
9010000,경상남도교육청,9131000,함안교육지원청,48,경상남도,730,함안군,서촌초등학교,1999,초등학교,미활용,1461,10644,교육재정담당,055-580-8072,경상남도 함안군 대산면 대법로 530,경상남도 함안군 대산면 서촌리 231,2025-12-01,9010000,경상남도교육청
7150000,부산광역시교육청,7150000,부산광역시교육청,26,부산광역시,350,해운대구,반여초등학교,2020,초등학교,대부,9763,22088,재정과,051-860-0754,부산광역시 해운대구 재반로242번길 51-10,,2024-07-01,7150000,부산광역시교육청
7150000,부산광역시교육청,7150000,부산광역시교육청,26,부산광역시,410,금정구,윤산중학교,2013,중학교,대부,7186,11618,재정과,051-860-0754,부산광역시 금정구 서금로 99-7,,2024-07-01,7150000,부산광역시교육청
7150000,부산광역시교육청,7150000,부산광역시교육청,26,부산광역시,440,강서구,가락중학교,2022,중학교,자체활용,4762,10076,재정과,051-860-0754,부산광역시 강서구 가락대로 1405,,2024-07-01,7150000,부산광역시교육청
7150000,부산광역시교육청,7150000,부산광역시교육청,26,부산광역시,710,기장군,일광초등학교,2020,초등학교,자체활용,5082,15305,재정과,051-860-0754,부산광역시 기장군 일광면 이화로 147,,2024-07-01,7150000,부산광역시교육청
7150000,부산광역시교육청,7150000,부산광역시교육청,26,부산광역시,440,강서구,송정초등학교,2017,초등학교,자체활용,2600,11686,재정과,051-860-0754,부산광역시 강서구 가락대로 230-72,,2024-07-01,7150000,부산광역시교육청
7150000,부산광역시교육청,7150000,부산광역시교육청,26,부산광역시,710,기장군,정관초등학교,2010,초등학교,자체활용,3333,13534,재정과,051-860-0754,부산광역시 기장군 정관면 정관덕산길61,,2024-07-01,7150000,부산광역시교육청
7150000,부산광역시교육청,7150000,부산광역시교육청,26,부산광역시,530,사상구,사상중학교,2009,중학교,자체활용,9542,12783,재정과,051-860-0754,부산광역시 사상구 강선로 24,,2024-07-01,7150000,부산광역시교육청
7150000,부산광역시교육청,7150000,부산광역시교육청,26,부산광역시,170,동구,경남여자중학교,2009,중학교,자체활용,7102,4862,재정과,051-860-0754,부산광역시 동구 수정중로 29,,2024-07-01,7150000,부산광역시교육청
7150000,부산광역시교육청,7150000,부산광역시교육청,26,부산광역시,230,부산진구,중앙초등학교,2008,초등학교,자체활용,5178,8819,재정과,051-860-0754,부산광역시 부산진구 전포대로 209번길 26,,2024-07-01,7150000,부산광역시교육청
7150000,부산광역시교육청,7150000,부산광역시교육청,26,부산광역시,530,사상구,삼락초등학교,2000,초등학교,자체활용,2851,7779,재정과,051-860-0754,부산광역시 사상구 삼덕로 5번길 171,,2024-07-01,7150000,부산광역시교육청
7150000,부산광역시교육청,7150000,부산광역시교육청,26,부산광역시,440,강서구,낙동여자중학교,1998,중학교,자체활용,4879,17633,재정과,051-860-0754,부산광역시 강서구 공항로 1309번길 96-7,,2024-07-01,7150000,부산광역시교육청
7150000,부산광역시교육청,7150000,부산광역시교육청,26,부산광역시,410,금정구,서곡초등학교,2022,초등학교,자체활용,5164,16642,재정과,051-860-0754,부산광역시 금정구 윤산로 279,,2024-07-01,7150000,부산광역시교육청
7150000,부산광역시교육청,7150000,부산광역시교육청,26,부산광역시,320,북구,덕천여자중학교,2022,중학교,자체활용,8178,14378,재정과,051-860-0754,부산광역시 북구 의성로 47번길 45-4,,2024-07-01,7150000,부산광역시교육청
7150000,부산광역시교육청,7150000,부산광역시교육청,26,부산광역시,350,해운대구,반송중학교,2020,중학교,자체활용,8375,10292,재정과,051-860-0754,부산광역시 해운대구 아랫반송로 40번길 37-18,,2024-07-01,7150000,부산광역시교육청
7150000,부산광역시교육청,7150000,부산광역시교육청,26,부산광역시,380,사하구,감정초등학교,2019,초등학교,자체활용,6355,14489,재정과,051-860-0754,부산광역시 사하구 옥천로 130,,2024-07-01,7150000,부산광역시교육청
7150000,부산광역시교육청,7150000,부산광역시교육청,26,부산광역시,200,영도구,동삼중학교,2019,중학교,자체활용,6568,13948,재정과,051-860-0754,부산광역시 영도구 와치로 259,,2024-07-01,7150000,부산광역시교육청
7150000,부산광역시교육청,7150000,부산광역시교육청,26,부산광역시,290,남구,연포초등학교,2019,초등학교,자체활용,4370,7714,재정과,051-860-0754,부산광역시 남구 진남로 120-5,,2024-07-01,7150000,부산광역시교육청
7150000,부산광역시교육청,7150000,부산광역시교육청,26,부산광역시,410,금정구,회동초등학교,2018,초등학교,자체활용,4379,10454,재정과,051-860-0754,부산광역시 금정구 금사로 217,,2024-07-01,7150000,부산광역시교육청
7150000,부산광역시교육청,7150000,부산광역시교육청,26,부산광역시,440,강서구,명지초등학교,2016,초등학교,자체활용,5093,17732,재정과,051-860-0754,부산광역시 강서구 영강길 81번길 24,,2024-07-01,7150000,부산광역시교육청
7150000,부산광역시교육청,7150000,부산광역시교육청,26,부산광역시,230,부산진구,중앙중학교,2012,중학교,자체활용,6626,14273,재정과,051-860-0754,부산광역시 부산진구 전포대로 209번길 26,,2024-07-01,7150000,부산광역시교육청
7150000,부산광역시교육청,7150000,부산광역시교육청,26,부산광역시,170,동구,디자인고등학교,2010,고등학교,자체활용,11939,9384,재정과,051-860-0754,부산광역시 동구 중앙대로 260번길 11,,2024-07-01,7150000,부산광역시교육청
7150000,부산광역시교육청,7150000,부산광역시교육청,26,부산광역시,380,사하구,다대초등학교,2007,초등학교,자체활용,7630,7811,재정과,051-860-0754,부산광역시 사하구 다대로 529번길 11,,2024-07-01,7150000,부산광역시교육청
7150000,부산광역시교육청,7150000,부산광역시교육청,26,부산광역시,710,기장군,일광초등학교 학리분교장,2006,초등학교,자체활용,296,1656,재정과,051-860-0754,부산광역시 기장군 철마면 철마로 569,,2024-07-01,7150000,부산광역시교육청
7150000,부산광역시교육청,7150000,부산광역시교육청,26,부산광역시,230,부산진구,개성중학교,2005,중학교,자체활용,15713,19455,재정과,051-860-0754,부산광역시 부산진구 가야대로 734,,2024-07-01,7150000,부산광역시교육청
7150000,부산광역시교육청,7150000,부산광역시교육청,26,부산광역시,440,강서구,가락초등학교 해포분교장,2004,초등학교,자체활용,1506,9631,재정과,051-860-0754,부산광역시 강서구 가락대로 1182번길 9,,2024-07-01,7150000,부산광역시교육청
7150000,부산광역시교육청,7150000,부산광역시교육청,26,부산광역시,710,기장군,기장중학교 철마분교장,1993,중학교,자체활용,840,9808,재정과,051-860-0754,부산광역시 기장군 철마면 철마로 569,,2024-07-01,7150000,부산광역시교육청
8000000,충청북도교육청,8031000,제천교육지원청,43,충청북도,150,제천시,입석초,2021,초등학교,대부,3334,16608,행정과,043-640-6633,충청북도 제천시 송학면 입석로3길 17,충청북도 제천시 송학면 입석리 609-2,2025-12-01,8000000,충청북도교육청
8000000,충청북도교육청,8031000,제천교육지원청,43,충청북도,150,제천시,금성초 중전분교,1992,초등학교,대부,240,9322,행정과,043-640-6633,충청북도 제천시 금성면 중포길 60,충청북도 제천시 금성면 포전리 409-2,2025-12-01,8000000,충청북도교육청
8000000,충청북도교육청,8031000,제천교육지원청,43,충청북도,150,제천시,송학초 송한분교,1993,초등학교,대부,935,6754,행정과,043-640-6633,충청북도 제천시 송학면 송학주천로19길5,충청북도 제천시 송학면 송한리 543,2025-12-01,8000000,충청북도교육청
8000000,충청북도교육청,8031000,제천교육지원청,43,충청북도,150,제천시,유덕초 복평분교,1995,초등학교,대부,483,10893,행정과,043-640-6633,충청북도 제천시 덕산면 후청골길 72,충청북도 제천시 덕산면 수산리 833-2,2025-12-01,8000000,충청북도교육청
8000000,충청북도교육청,8031000,제천교육지원청,43,충청북도,150,제천시,공전초,1999,초등학교,대부,1686,12167,행정과,043-640-6633,충청북도 제천시 봉양읍 의암로 345,충청북도 제천시 봉양읍 공전리 265,2025-12-01,8000000,충청북도교육청
8000000,충청북도교육청,8031000,제천교육지원청,43,충청북도,150,제천시,덕산초 월악분교,1992,초등학교,대부,1359,9561,행정과,043-640-6633,충청북도 제천시 덕산면 월악산로4길 10,충청북도 제천시 덕산면 월악리 596,2025-12-01,8000000,충청북도교육청
8000000,충청북도교육청,8031000,제천교육지원청,43,충청북도,150,제천시,양화초,1995,초등학교,대부,909,7432,행정과,043-640-6633,충청북도 제천시 금성면 양월로 34,충청북도 제천시 금성면 양화리 623,2025-12-01,8000000,충청북도교육청
8000000,충청북도교육청,8031000,제천교육지원청,43,충청북도,150,제천시,두학초 자작분교,1992,초등학교,대부,707,9770,행정과,043-640-6633,충청북도 제천시 장자터길 17,충청북도 제천시 자작동 256-4,2025-12-01,8000000,충청북도교육청
8000000,충청북도교육청,8031000,제천교육지원청,43,충청북도,150,제천시,청풍초 학현분교,1990,초등학교,자체활용,900,5006976,행정과,043-640-6633,충청북도 제천시 청풍면 학현소야로3길 10-28,충청북도 제천시 청풍면 학현리 산18-1,2025-12-01,8000000,충청북도교육청
8000000,충청북도교육청,8021000,충주교육지원청,43,충청북도,130,충주시,동량초 서운분교,1999,초등학교,미활용,471,11772,행정과,043-850-0552,충청북도 충주시 동량면 서운능골길 77,충청북도 충주시 동량면 서운리 155,2025-12-01,8000000,충청북도교육청
8000000,충청북도교육청,8021000,충주교육지원청,43,충청북도,130,충주시,산척중,2022,중학교,미활용,1981,26009,행정과,043-850-0552,충청북도 충주시 산척면 천등박달로 56,충청북도 충주시 산척면 영덕리 718-2,2025-12-01,8000000,충청북도교육청
8000000,충청북도교육청,8021000,충주교육지원청,43,충청북도,130,충주시,중앙중 가금분교,2009,중학교,미활용,1234,29305,행정과,043-850-0552,충청북도 충주시 중앙탑면 첨단산업로 1171-34,충청북도 충주시 중앙탑면 가흥리 361-7,2025-12-01,8000000,충청북도교육청
8000000,충청북도교육청,8021000,충주교육지원청,43,충청북도,130,충주시,세성초 공이분교,1999,초등학교,대부,442,11729,행정과,043-850-0552,충청북도 충주시 살미면 공이송정2길 19,충청북도 충주시 살미면 공이리 448-1,2025-12-01,8000000,충청북도교육청
8000000,충청북도교육청,8021000,충주교육지원청,43,충청북도,130,충주시,노은초 수룡분교,1996,초등학교,대부,0,7720,행정과,043-850-0552,충청북도 충주시 노은면 뱅길 8(수룡리),충청북도 충주시 노은면 수룡리 554-1,2025-12-01,8000000,충청북도교육청
8000000,충청북도교육청,8021000,충주교육지원청,43,충청북도,130,충주시,복성초,1992,초등학교,대부,480,4255,행정과,043-850-0552,충청북도 충주시 앙성면 복성길 20,충청북도 충주시 앙성면 지당리 201-5,2025-12-01,8000000,충청북도교육청
8000000,충청북도교육청,8021000,충주교육지원청,43,충청북도,130,충주시,야동초,2020,초등학교,대부,1273,16318,행정과,043-850-0552,충청북도 충주시 소태면 구룡로 769,충청북도 충주시 소태면 야동리 487,2025-12-01,8000000,충청북도교육청
8000000,충청북도교육청,8021000,충주교육지원청,43,충청북도,130,충주시,세성초 향산분교,1993,초등학교,대부,621,8290,행정과,043-850-0552,충청북도 충주시 살미면 팔봉향산길 489,충청북도 충주시 살미면 향산리 379,2025-12-01,8000000,충청북도교육청
8000000,충청북도교육청,8021000,충주교육지원청,43,충청북도,130,충주시,앙성초 영죽분교,1999,초등학교,대부,82,10259,행정과,043-850-0552,충청북도 충주시 앙성면 음촌2길 59,충청북도 충주시 앙성면 영죽리 264-4,2025-12-01,8000000,충청북도교육청
8000000,충청북도교육청,8021000,충주교육지원청,43,충청북도,130,충주시,강천초,2019,초등학교,대부,1457,14644,행정과,043-850-0552,충청북도 충주시 앙성면 단암길 19-1,충청북도 충주시 앙성면 목미리 89-2,2025-12-01,8000000,충청북도교육청
8000000,충청북도교육청,8021000,충주교육지원청,43,충청북도,130,충주시,강천초 단암분교,1995,초등학교,대부,749,11174,행정과,043-850-0552,충청북도 충주시 앙성면 학교말2길 50,충청북도 충주시 앙성면 단암리 412-1,2025-12-01,8000000,충청북도교육청
8000000,충청북도교육청,8021000,충주교육지원청,43,충청북도,130,충주시,창암초,1998,초등학교,대부,528,15512,행정과,043-850-0552,충청북도 충주시 중앙탑면 창동길 52,충청북도 충주시 가금면 창동리 360,2025-12-01,8000000,충청북도교육청
8000000,충청북도교육청,8021000,충주교육지원청,43,충청북도,130,충주시,수회초 팔봉분교,1999,초등학교,대부,405,7101,행정과,043-850-0552,충청북도 충주시 살미면 도랫말길 20,충청북도 충주시 살미면 토계리 263,2025-12-01,8000000,충청북도교육청
7150000,부산광역시교육청,7150000,부산광역시교육청,26,부산광역시,440,강서구,덕도초등학교,2019,초등학교,미활용,2914,16095,재정과,051-860-0754,부산광역시 강서구 상덕로 113,,2024-07-01,7150000,부산광역시교육청
7150000,부산광역시교육청,7150000,부산광역시교육청,26,부산광역시,440,강서구,천가초등학교 천성분교장,2011,초등학교,미활용,905,10164,재정과,051-860-0754,부산광역시 강서구 가덕해안로741,,2024-07-01,7150000,부산광역시교육청
8000000,충청북도교육청,8021000,충주교육지원청,43,충청북도,130,충주시,엄정초 목계분교,2009,초등학교,대부,1310,20472,행정과,043-850-0552,충청북도 충주시 엄정면 안암목계길 11,충청북도 충주시 엄정면 목계리 111,2025-12-01,8000000,충청북도교육청
8000000,충청북도교육청,8021000,충주교육지원청,43,충청북도,130,충주시,동량초 하천분교,1995,초등학교,대부,692,17100,행정과,043-850-0552,충청북도 충주시 동량면 미라실로 377,충청북도 충주시 동량면 손동리 336,2025-12-01,8000000,충청북도교육청
8000000,충청북도교육청,8021000,충주교육지원청,43,충청북도,130,충주시,소태초 덕은분교,1996,초등학교,대부,546,44916,행정과,043-850-0552,충청북도 충주시 소태면 덕은새말2길 31,충청북도 충주시 소태면 덕은리 229,2025-12-01,8000000,충청북도교육청
8000000,충청북도교육청,8021000,충주교육지원청,43,충청북도,130,충주시,산척초 명서분교,1992,초등학교,대부,850,10219,행정과,043-850-0552,충청북도 충주시 산척면 삼여울길 20,충청북도 충주시 산척면 명서리 493-7,2025-12-01,8000000,충청북도교육청
8000000,충청북도교육청,8021000,충주교육지원청,43,충청북도,130,충주시,추평초,1999,초등학교,대부,83,18581,행정과,043-850-0552,충청북도 충주시 엄정면 가춘리길 19,충청북도 충주시 엄정면 추평리 454,2025-12-01,8000000,충청북도교육청
8000000,충청북도교육청,8021000,충주교육지원청,43,충청북도,130,충주시,주덕고,2022,고등학교,자체활용,7660,35892,행정과,043-850-0552,충청북도 충주시 주덕읍 창전길 223,충청북도 충주시 주덕읍 신중리 130-3,2025-12-01,8000000,충청북도교육청
8000000,충청북도교육청,8021000,충주교육지원청,43,충청북도,130,충주시,남한강초,2020,초등학교,자체활용,8501,24560,행정과,043-850-0552,충청북도 충주시 사직산6길 20(문화동),충청북도 충주시 문화동 1924,2025-12-01,8000000,충청북도교육청
8000000,충청북도교육청,8021000,충주교육지원청,43,충청북도,130,충주시,대소원초,2020,초등학교,자체활용,4106,40229,행정과,043-850-0552,충청북도 충주시 대소원면 대소새마을길 10,충청북도 충주시 대소원면 본리 569-15,2025-12-01,8000000,충청북도교육청
8000000,충청북도교육청,8021000,충주교육지원청,43,충청북도,130,충주시,(구)중앙탑초,2018,초등학교,자체활용,2615,15621,행정과,043-850-0552,충청북도 충주시 중앙탑면 첨단산업로 670,충청북도 충주시 중앙탑면 탑평리 212-1,2025-12-01,8000000,충청북도교육청
8000000,충청북도교육청,8021000,충주교육지원청,43,충청북도,130,충주시,노은초 수상분교,2013,초등학교,자체활용,0,19503,행정과,043-850-0552,충청북도 충주시 노은면 감노로 1057,충청북도 충주시 노은면 안락리 119-1,2025-12-01,8000000,충청북도교육청
8000000,충청북도교육청,8021000,충주교육지원청,43,충청북도,130,충주시,성남초 종인분교,1995,초등학교,자체활용,531,8593,행정과,043-850-0552,충청북도 충주시 충주호수로 990(종민동),충청북도 충주시 종민동 510-3,2025-12-01,8000000,충청북도교육청
8000000,충청북도교육청,8011000,청주교육지원청,43,충청북도,111,청주시 상당구,미원초 용곡분교,2000,초등학교,미활용,43,12505,재정과,043-299-3075,충청북도 청주시 상당구 미원면 용곡1길 60,충청북도 청주시 상당구 미원면 용곡리 287-1,2025-12-01,8000000,충청북도교육청
8000000,충청북도교육청,8011000,청주교육지원청,43,충청북도,114,청주시 청원구,오창초 가좌분교,2008,초등학교,미활용,1285,14160,재정과,043-299-3075,충청북도 청주시 청원구 오창읍 오창가좌1길 15-5,충청북도 청주시 청원구 오창읍 가좌리 129,2025-12-01,8000000,충청북도교육청
8000000,충청북도교육청,8011000,청주교육지원청,43,충청북도,111,청주시 상당구,문의초 구룡분교,1992,초등학교,미활용,781,11173,재정과,043-299-3075,충청북도 청주시 상당구 문의면 구룡석성길 1,충청북도 청주시 상당구 문의면 구룡리 338,2025-12-01,8000000,충청북도교육청
8000000,충청북도교육청,8011000,청주교육지원청,43,충청북도,111,청주시 상당구,미원초 운암분교,1991,초등학교,대부,517,8827,재정과,043-299-3075,충청북도 청주시 상당구 미원면 운암길 60-37,충청북도 청주시 상당구 미원면 운암리 593,2025-12-01,8000000,충청북도교육청
8000000,충청북도교육청,8011000,청주교육지원청,43,충청북도,111,청주시 상당구,가덕초 상야분교,2004,초등학교,대부,584,10880,재정과,043-299-3075,충청북도 청주시 상당구 가덕면 상야길 6-14,충청북도 청주시 상당구 가덕면 상야리 351-1,2025-12-01,8000000,충청북도교육청
8000000,충청북도교육청,8011000,청주교육지원청,43,충청북도,111,청주시 상당구,낭성초 갈산분교,2004,초등학교,대부,1222,15270,재정과,043-299-3075,충청북도 청주시 상당구 낭성면 갈산1길 19,충청북도 청주시 상당구 낭성면 갈산리 341-1,2025-12-01,8000000,충청북도교육청
8000000,충청북도교육청,8011000,청주교육지원청,43,충청북도,111,청주시 상당구,미원초 종암분교,2000,초등학교,대부,1318,12115,재정과,043-299-3075,충청북도 청주시 상당구 미원면 미원초정로 715-4,충청북도 청주시 상당구 미원면 종암리 387,2025-12-01,8000000,충청북도교육청
8000000,충청북도교육청,8011000,청주교육지원청,43,충청북도,113,청주시 흥덕구,옥산초 호죽분교,1999,초등학교,대부,603,7720,재정과,043-299-3075,충청북도 청주시 흥덕구 옥산면 호죽길 98,충청북도 청주시 흥덕구 옥산면 호죽리 300-3,2025-12-01,8000000,충청북도교육청
8000000,충청북도교육청,8011001,청주교육지원청,43,충청북도,113,청주시 흥덕구,(구)복대초,2023,초등학교,자체활용,5988,18469,재정과,043-299-3075,충청북도 청주시 흥덕구 풍산로 167(복대동),충청북도 청주시 흥덕구 복대동 709-4,2025-12-01,8000000,충청북도교육청
8000000,충청북도교육청,8011000,청주교육지원청,43,충청북도,111,청주시 상당구,가덕중,2022,중학교,자체활용,4028,22141,재정과,043-299-3075,충청북도 청주시 상당구 가덕면 계산은행로 12,충청북도 청주시 상당구 가덕면 수곡리 255,2025-12-01,8000000,충청북도교육청
8000000,충청북도교육청,8011000,청주교육지원청,43,충청북도,111,청주시 상당구,(구)주성중폐교,2015,중학교,자체활용,9024,20301,재정과,043-299-3075,충청북도 청주시 상당구 대성로180번길 17(수동),충청북도 청주시 상당구 수동 133,2025-12-01,8000000,충청북도교육청
8000000,충청북도교육청,8011000,청주교육지원청,43,충청북도,112,청주시 서원구,(구)충청북도체육고,2014,고등학교,자체활용,25278,9695,재정과,043-299-3075,충청북도 청주시 서원구 흥덕로 53(사직동),충청북도 청주시 서원구 사직동 808-4,2025-12-01,8000000,충청북도교육청
8000000,충청북도교육청,8011000,청주교육지원청,43,충청북도,111,청주시 상당구,(구)상당초,2015,중학교,자체활용,9024,20301,재정과,043-299-3075,충청북도 청주시 상당구 대성로180번길 17(수동),충청북도 청주시 상당구 수동 133,2025-12-01,8000000,충청북도교육청
8000000,충청북도교육청,8011000,청주교육지원청,43,충청북도,112,청주시 서원구,남이초 구암분교,1992,초등학교,자체활용,6696,46973,재정과,043-299-3075,충청북도 청주시 서원구 남이면 구암길 52-7,충청북도 청주시 서원구 남이면 구암리 275,2025-12-01,8000000,충청북도교육청
8000000,충청북도교육청,8011000,청주교육지원청,43,충청북도,112,청주시 서원구,외천초,2012,초등학교,자체활용,3207,45378,재정과,043-299-3075,충청북도 청주시 서원구 남이면 부용외천2길 13-2,충청북도 청주시 서원구 남이면 부용외천리 290,2025-12-01,8000000,충청북도교육청
8000000,충청북도교육청,8011000,청주교육지원청,43,충청북도,111,청주시 상당구,남일초 두산분교,2010,초등학교,자체활용,547,11289,재정과,043-299-3075,충청북도 청주시 상당구 남일면 두산길 53,충청북도 청주시 상당구 남일면 두산리 106-1,2025-12-01,8000000,충청북도교육청
8000000,충청북도교육청,8011000,청주교육지원청,43,충청북도,114,청주시 청원구,오창초 유리분교,2008,초등학교,자체활용,4917,19010,재정과,043-299-3075,충청북도 청주시 청원구 오창읍 두릉유리로 1375,충청북도 청주시 청원구 오창읍 유리 394,2025-12-01,8000000,충청북도교육청
8000000,충청북도교육청,8011000,청주교육지원청,43,충청북도,113,청주시 흥덕구,현암초,1999,초등학교,자체활용,821,11843,재정과,043-299-3075,충청북도 청주시 흥덕구 수의로 221(현암동),충청북도 청주시 흥덕구 현암동 89,2025-12-01,8000000,충청북도교육청
8750000,경상북도교육청,8951000,경상북도예천교육지원청,47,경상북도,900,예천군,예천남부초등학교인포분교,2009,초등학교,자체활용,1176,14011,행정지원과,054-650-2533,경상북도 예천군 호명읍 인포길 60,경상북도 예천군 호명읍 월포리 382,2025-12-28,8951000,경상북도교육청 경상북도예천교육지원청
8750000,경상북도교육청,8951000,경상북도예천교육지원청,47,경상북도,900,예천군,풍양고등학교,2017,고등학교,자체활용,3633.73,24579,행정지원과,054-650-2533,경상북도 예천군 풍양면 낙상1길 94,경상북도 예천군 풍양면 낙상리 253,2025-12-28,8951000,경상북도교육청 경상북도예천교육지원청
8750000,경상북도교육청,8951000,경상북도예천교육지원청,47,경상북도,900,예천군,지보고등학교,2014,고등학교,자체활용,2685,17092,행정지원과,054-650-2533,경상북도 예천군 지보면 지보로 167-7,경상북도 예천군 지보면 마전리 142-1,2025-12-28,8951000,경상북도교육청 경상북도예천교육지원청
8750000,경상북도교육청,8951000,경상북도예천교육지원청,47,경상북도,900,예천군,용궁상업고등학교,2006,고등학교,자체활용,2500,22529,행정지원과,054-650-2533,경상북도 예천군 용궁면 읍부1길 33,경상북도 예천군 용궁면 읍부리 251-3,2025-12-28,8951000,경상북도교육청 경상북도예천교육지원청
8750000,경상북도교육청,8951000,경상북도예천교육지원청,47,경상북도,900,예천군,유천중학교,2007,중학교,자체활용,3298.3,15037,행정지원과,054-650-2533,경상북도 예천군 유천면 유용로 34-10,경상북도 예천군 유천면 가리 746,2025-12-28,8951000,경상북도교육청 경상북도예천교육지원청
8750000,경상북도교육청,8951000,경상북도예천교육지원청,47,경상북도,900,예천군,감천초등학교덕율분교,2009,초등학교,자체활용,1250,10660,행정지원과,054-650-2533,경상북도 예천군 감천면 석송로 13,경상북도 예천군 감천면 덕율리 143-4,2025-12-28,8951000,경상북도교육청 경상북도예천교육지원청
8750000,경상북도교육청,8951000,경상북도예천교육지원청,47,경상북도,900,예천군,유계초등학교,1994,초등학교,대부,0,805,행정지원과,054-650-2533,경상북도 예천군 감천면 유동길 70,경상북도 예천군 감천면 유리 701-2,2025-12-28,8951000,경상북도교육청 경상북도예천교육지원청
8750000,경상북도교육청,8951000,경상북도예천교육지원청,47,경상북도,900,예천군,개포초등학교경진분교,1999,초등학교,대부,961,2920,행정지원과,054-650-2533,경상북도 예천군 개포면 용개로 1486-16,경상북도 예천군 개포면 경진리 565,2025-12-28,8951000,경상북도교육청 경상북도예천교육지원청
8750000,경상북도교육청,8951000,경상북도예천교육지원청,47,경상북도,900,예천군,개포초등학교,2000,초등학교,자체활용,1530,15340,행정지원과,054-650-2533,경상북도 예천군 개포면 용개로 985,경상북도 예천군 개포면 신음리 160-1,2025-12-28,8951000,경상북도교육청 경상북도예천교육지원청
8750000,경상북도교육청,8881000,경상북도교육청 경상북도청송교육지원청,47,경상북도,516,청송군,안덕고등학교,2016,고등학교,자체활용,4247.86,86202,행정지원과,054-870-1164,경상북도 청송군 안덕면 안덕로 65-3,경상북도 청송군 안덕면 명당리 360-1,2025-12-29,8881000,경상북도교육청 경상북도청송교육지원청
8750000,경상북도교육청,8881000,경상북도교육청 경상북도청송교육지원청,47,경상북도,516,청송군,광덕초등학교,1992,초등학교,자체활용,783.43,2122,행정지원과,054-870-1164,경상북도 청송군 진보면 광덕세장길 97,경상북도 청송군 진보면 광덕리 271,2025-12-29,8881000,경상북도교육청 경상북도청송교육지원청
8750000,경상북도교육청,8881000,경상북도교육청 경상북도청송교육지원청,47,경상북도,516,청송군,시량초등학교,1996,초등학교,대부,643.2,4903,행정지원과,054-870-1164,경상북도 청송군 진보면 경동로 4692,경상북도 청송군 진보면 시량리 509-3,2025-12-29,8881000,경상북도교육청 경상북도청송교육지원청
8750000,경상북도교육청,8881000,경상북도교육청 경상북도청송교육지원청,47,경상북도,516,청송군,송강초등학교,1998,초등학교,자체활용,2340.74,19459,행정지원과,054-870-1164,경상북도 청송군 파천면 청송로 5882-25,경상북도 청송군 파천면 송강리 284-2,2025-12-29,8881000,경상북도교육청 경상북도청송교육지원청
8750000,경상북도교육청,8881000,경상북도교육청 경상북도청송교육지원청,47,경상북도,516,청송군,현남초등학교,1997,초등학교,대부,766.5,12411,행정지원과,054-870-1164,경상북도 청송군 안덕면 성덕댐로 1478-10,경상북도 청송군 안덕면 덕성리 217-2,2025-12-29,8881000,경상북도교육청 경상북도청송교육지원청
8750000,경상북도교육청,8881000,경상북도교육청 경상북도청송교육지원청,47,경상북도,516,청송군,월정초등학교,2002,초등학교,대부,1443.76,10142,행정지원과,054-870-1164,경상북도 청송군 현서면 청송로 551,경상북도 청송군 현서면 도리 54-3,2025-12-29,8881000,경상북도교육청 경상북도청송교육지원청
8750000,경상북도교육청,8881000,경상북도교육청 경상북도청송교육지원청,47,경상북도,516,청송군,부남초등학교이현분교장,1993,초등학교,대부,0,8986,행정지원과,054-870-1164,,경상북도 청송군 부남면 이현리 726-1,2025-12-29,8881000,경상북도교육청 경상북도청송교육지원청
8750000,경상북도교육청,8881000,경상북도교육청 경상북도청송교육지원청,47,경상북도,516,청송군,부남초등학교중기분교장,1991,초등학교,대부,0,12175,행정지원과,054-870-1164,,경상북도 청송군 부남면 중기리 610-2,2025-12-29,8881000,경상북도교육청 경상북도청송교육지원청
8750000,경상북도교육청,8881000,경상북도교육청 경상북도청송교육지원청,47,경상북도,516,청송군,청운초등학교,1996,초등학교,대부,694.57,11421.3,행정지원과,054-870-1164,경상북도 청송군 청송읍 청송로 4581,경상북도 청송군 청송읍 청운리 996,2025-12-29,8881000,경상북도교육청 경상북도청송교육지원청
8750000,경상북도교육청,8881000,경상북도교육청 경상북도청송교육지원청,47,경상북도,516,청송군,송생초등학교,1991,초등학교,대부,992.73,8086,행정지원과,054-870-1164,경상북도 청송군 청송읍 중앙로 1568,경상북도 청송군 청송읍 송생리 551,2025-12-29,8881000,경상북도교육청 경상북도청송교육지원청
8750000,경상북도교육청,8811000,경상북도영주교육지원청,47,경상북도,210,영주시,부석초등학교남대분교장,2010,초등학교,자체활용,193.82,5510,행정지원과,054-630-4274,경상북도 영주시 부석면 영부로 1018,경상북도 영주시 부석면 남대리 354,2025-12-29,8811000,경상북도교육청 경상북도영주교육지원청
8750000,경상북도교육청,8811000,경상북도영주교육지원청,47,경상북도,210,영주시,부석고등학교,2008,고등학교,자체활용,3309.48,18432,행정지원과,054-630-4274,경상북도 영주시 부석면 부석로29번길 1-1,경상북도 영주시 부석면 소천리 501-1,2025-12-29,8811000,경상북도교육청 경상북도영주교육지원청
8750000,경상북도교육청,8811000,경상북도영주교육지원청,47,경상북도,210,영주시,평은초등학교영은분교장,1995,초등학교,자체활용,1751.73,3244,행정지원과,054-630-4274,경상북도 영주시 평은면 평은로 939,경상북도 영주시 평은면 평은리 1110-1,2025-12-29,8811000,경상북도교육청 경상북도영주교육지원청
8750000,경상북도교육청,8811000,경상북도영주교육지원청,47,경상북도,210,영주시,봉현서부초등학교,2012,초등학교,대부,949.44,9322,행정지원과,054-630-4274,경상북도 영주시 봉현면 테라피로 521,경상북도 영주시 봉현면 두산리 210,2025-12-29,8811000,경상북도교육청 경상북도영주교육지원청
8750000,경상북도교육청,8811000,경상북도영주교육지원청,47,경상북도,210,영주시,오계초등학교,2001,초등학교,자체활용,1783.71,18310,행정지원과,054-630-4274,경상북도 영주시 안정면 안정로 367,경상북도 영주시 안정면 오계리 525,2025-12-29,8811000,경상북도교육청 경상북도영주교육지원청
8750000,경상북도교육청,8811000,경상북도영주교육지원청,47,경상북도,210,영주시,부석초등학교상석분교장,2002,초등학교,대부,753.4,12909,행정지원과,054-630-4274,경상북도 영주시 부석면 의상로 1296-21,경상북도 영주시 부석면 상석리 480-1,2025-12-29,8811000,경상북도교육청 경상북도영주교육지원청
8750000,경상북도교육청,8811000,경상북도영주교육지원청,47,경상북도,210,영주시,옥대초등학교단산분교장,1994,초등학교,대부,567.6,11829,행정지원과,054-630-4274,경상북도 영주시 단산면 단산로 535-8,경상북도 영주시 단산면 병산리 343,2025-12-29,8811000,경상북도교육청 경상북도영주교육지원청
8750000,경상북도교육청,8871000,경상북도의성교육지원청,47,경상북도,730,의성군,금성여자상업고,2019,고등학교,자체활용,2289,16950,행정지원과,054-830-1172,경상북도 의성군 금성면 탑운길 99,경상북도 의성군 금성면 탑리리 960,2025-12-29,8871000,경상북도교육청 경상북도의성교육지원청
8750000,경상북도교육청,8871000,경상북도의성교육지원청,47,경상북도,730,의성군,안계중학교구천분교장,2003,중학교,자체활용,0,14159,행정지원과,054-830-1172,경상북도 의성군 구천면 소보안계로 1616,경상북도 의성군 구천면 유산리 507,2025-12-29,8871000,경상북도교육청 경상북도의성교육지원청
8750000,경상북도교육청,8871000,경상북도의성교육지원청,47,경상북도,730,의성군,안계여자고등학교,2002,고등학교,자체활용,0,35273,행정지원과,054-830-1172,경상북도 의성군 안계면 용기5길 23,경상북도 의성군 안계면 용기리 1009-1,2025-12-29,8871000,경상북도교육청 경상북도의성교육지원청
8750000,경상북도교육청,8871000,경상북도의성교육지원청,47,경상북도,730,의성군,안계여자중학교,2002,중학교,자체활용,0,35273,행정지원과,054-830-1172,경상북도 의성군 안계면 용기5길 23,경상북도 의성군 안계면 용기리 1009-1,2025-12-29,8871000,경상북도교육청 경상북도의성교육지원청
8750000,경상북도교육청,8871000,경상북도의성교육지원청,47,경상북도,730,의성군,다인정보고,2017,고등학교,자체활용,3885,24895,행정지원과,054-830-1172,경상북도 의성군 다인면 서릉2길 27,경상북도 의성군 다인면 도암리 283,2025-12-29,8871000,경상북도교육청 경상북도의성교육지원청
8750000,경상북도교육청,8871000,경상북도의성교육지원청,47,경상북도,730,의성군,사곡초,2011,초등학교,자체활용,1395,13128,행정지원과,054-830-1172,경상북도 의성군 사곡면 의성사곡로 965,경상북도 의성군 사곡면 양지리 550,2025-12-29,8871000,경상북도교육청 경상북도의성교육지원청
8750000,경상북도교육청,8871000,경상북도의성교육지원청,47,경상북도,730,의성군,비안중,2016,중학교,자체활용,0,29801,행정지원과,054-830-1172,경상북도 의성군 비안면 이두2길 5,경상북도 의성군 비안면 이두리 345,2025-12-29,8871000,경상북도교육청 경상북도의성교육지원청
8750000,경상북도교육청,8871000,경상북도의성교육지원청,47,경상북도,730,의성군,다인초달제분교,1993,초등학교,자체활용,0,11338,행정지원과,054-830-1172,경상북도 의성군 다인면 자미로 492,경상북도 의성군 다인면 달제리 1513,2025-12-29,8871000,경상북도교육청 경상북도의성교육지원청
8750000,경상북도교육청,8871000,경상북도의성교육지원청,47,경상북도,730,의성군,단밀초,2025,초등학교,미활용,1301,9151,행정지원과,054-830-1172,경상북도 의성군 단밀면 중동단밀로 939,경상북도 의성군 단밀면 속암리 181,2025-12-29,8871000,경상북도교육청 경상북도의성교육지원청
8750000,경상북도교육청,8871000,경상북도의성교육지원청,47,경상북도,730,의성군,구천초용호분교,1999,초등학교,미활용,648,5857,행정지원과,054-830-1172,경상북도 의성군 구천면 용사1길 15,경상북도 의성군 구천면 용사리 361-1,2025-12-29,8871000,경상북도교육청 경상북도의성교육지원청
8750000,경상북도교육청,8871000,경상북도의성교육지원청,47,경상북도,730,의성군,속암초문창분교,1996,초등학교,미활용,0,10866,행정지원과,054-830-1172,,경상북도 의성군 단밀면 팔등리 265,2025-12-29,8871000,경상북도교육청 경상북도의성교육지원청
8750000,경상북도교육청,8871000,경상북도의성교육지원청,47,경상북도,730,의성군,신산초,1994,초등학교,대부,573,12161,행정지원과,054-830-1172,경상북도 의성군 단북면 단북다인로 701,경상북도 의성군 단북면 신하리 551,2025-12-29,8871000,경상북도교육청 경상북도의성교육지원청
8750000,경상북도교육청,8871000,경상북도의성교육지원청,47,경상북도,730,의성군,산제초,1994,초등학교,대부,627,10748,행정지원과,054-830-1172,,경상북도 의성군 비안면 산제리 145-1,2025-12-29,8871000,경상북도교육청 경상북도의성교육지원청
8750000,경상북도교육청,8781000,김천교육지원청,47,경상북도,150,김천시,봉계초등학교태화분교장,2024,초등학교,대부,1307.72,9157,행정지원과,054-420-5234,경상북도 김천시 봉산면 봉산1로 43(봉산면),경상북도 김천시 봉산면 태화리 175,2025-12-31,8781000,경상북도교육청 경상북도김천교육지원청
8750000,경상북도교육청,8781000,김천교육지원청,47,경상북도,150,김천시,지례중학교(김천상업고등학교 부속),2017,중학교,대부,1154.76,12724,행정지원과,054-420-5234,경상북도 김천시 남김천대로 1947(지례면),경상북도 김천시 지례면 교리 407,2025-12-31,8781000,경상북도교육청 경상북도김천교육지원청
8750000,경상북도교육청,8781000,김천교육지원청,47,경상북도,150,김천시,지례중학교구성분교장,2017,중학교,미활용,1374,15362,행정지원과,054-420-5234,경상북도 김천시 남김천대로 2466(구성면),경상북도 김천시 구성면 송죽리 800,2025-12-31,8781000,경상북도교육청 경상북도김천교육지원청
8750000,경상북도교육청,8781000,김천교육지원청,47,경상북도,150,김천시,양천초등학교,2019,초등학교,대부,1587.47,9634,행정지원과,054-420-5234,경상북도 김천시 하로길 235(김천시),경상북도 김천시 양천동 1301-2,2025-12-31,8781000,경상북도교육청 경상북도김천교육지원청
8750000,경상북도교육청,8781000,김천교육지원청,47,경상북도,150,김천시,곡상초등학교,2013,초등학교,미활용,1788,13676,행정지원과,054-420-5234,경상북도 김천시 태촌길 115(감문면),경상북도 김천시 감문면  태촌리 785,2025-12-31,8781000,경상북도교육청 경상북도김천교육지원청
8750000,경상북도교육청,8781000,김천교육지원청,47,경상북도,150,김천시,부상초등학교,1997,초등학교,미활용,0,8612,행정지원과,054-420-5234,,경상북도 김천시 남면 부상리 564,2025-12-31,8781000,경상북도교육청 경상북도김천교육지원청
8750000,경상북도교육청,8781000,김천교육지원청,47,경상북도,150,김천시,연화초등학교,1994,초등학교,대부,1626.32,13243,행정지원과,054-420-5234,경상북도 김천시 대덕로 553(대덕면),경상북도 김천시 대덕면 연화리 255,2025-12-31,8781000,경상북도교육청 경상북도김천교육지원청
8750000,경상북도교육청,8781000,김천교육지원청,47,경상북도,150,김천시,직지초등학교대성분교장,1995,초등학교,대부,0,7640,행정지원과,054-420-5234,,경상북도 김천시 대항면 대성리 489-4,2025-12-31,8781000,경상북도교육청 경상북도김천교육지원청
8750000,경상북도교육청,8781000,김천교육지원청,47,경상북도,150,김천시,지례중학교부항분교장,2017,중학교,대부,1785,12084,행정지원과,054-420-5234,경상북도 김천시 사등3길 27-7(부항면),경상북도 김천시 부항면 사등리 597,2025-12-31,8781000,경상북도교육청 경상북도김천교육지원청
8750000,경상북도교육청,8781000,김천교육지원청,47,경상북도,150,김천시,김천상업고등학교,2019,고등학교,대부,2744.06,12724,행정지원과,054-420-5234,경상북도 김천시 남김천대로 1947(지례면),경상북도 김천시 지례면 교리 407,2025-12-31,8781000,경상북도교육청 경상북도김천교육지원청
8750000,경상북도교육청,8781000,김천교육지원청,47,경상북도,150,김천시,대신초등학교,2015,초등학교,대부,1432.26,14308,행정지원과,054-420-5234,경상북도 김천시 대신길 103(아포읍),경상북도 김천시 아포읍 대신리 810,2025-12-31,8781000,경상북도교육청 경상북도김천교육지원청
8750000,경상북도교육청,8781000,김천교육지원청,47,경상북도,150,김천시,태화초등학교광천분교장,1997,초등학교,대부,825.08,6150,행정지원과,054-420-5234,경상북도 김천시 광천4길 2-17(봉산면),경상북도 김천시 봉산면 광천리 520-4,2025-12-31,8781000,경상북도교육청 경상북도김천교육지원청
8750000,경상북도교육청,8781000,김천교육지원청,47,경상북도,150,김천시,감문초등학교,1994,초등학교,대부,1010.49,10937,행정지원과,054-420-5234,경상북도 김천시 감문1로 214(감문면),경상북도 김천시 감문면 삼성리 1383,2025-12-31,8781000,경상북도교육청 경상북도김천교육지원청
8750000,경상북도교육청,8781000,김천교육지원청,47,경상북도,150,김천시,지동초등학교,2013,초등학교,대부,1489,13843,행정지원과,054-420-5234,경상북도 김천시 황소길 76(아포읍),경상북도 김천시 아포읍 지리 376,2025-12-31,8781000,경상북도교육청 경상북도김천교육지원청
8750000,경상북도교육청,8781000,김천교육지원청,47,경상북도,150,김천시,어모초등학교,2007,초등학교,대부,1211.92,12996,행정지원과,054-420-5234,경상북도 김천시 어모로 544-4(어모면),경상북도 김천시 어모면 동좌리 619,2025-12-31,8781000,경상북도교육청 경상북도김천교육지원청
8750000,경상북도교육청,8781000,김천교육지원청,47,경상북도,150,김천시,대덕중학교증산분교장,2017,중학교,자체활용,1437.7,23578,행정지원과,054-420-5234,경상북도 김천시 증산1로 163(증산면),경상북도 김천시 증산면 동안리 76,2025-12-31,8781000,경상북도교육청 경상북도김천교육지원청
8750000,경상북도교육청,8781000,김천교육지원청,47,경상북도,150,김천시,농남중학교,2014,중학교,자체활용,0,18314,행정지원과,054-420-5234,경상북도 김천시 옥산길 128(남면),경상북도 김천시 남면 옥산리 560-2,2025-12-31,8781000,경상북도교육청 경상북도김천교육지원청
8750000,경상북도교육청,8781000,김천교육지원청,47,경상북도,150,김천시,대덕중학교,2017,중학교,자체활용,0,24923,행정지원과,054-420-5234,경상북도 김천시 대덕로 731(대덕면),경상북도 김천시 대덕면 관기리 777,2025-12-31,8781000,경상북도교육청 경상북도김천교육지원청
8750000,경상북도교육청,8971000,경상북도울진교육지원청,47,경상북도,420,울진군,월송초등학교,2025,초등학교,미활용,1516,15263,행정지원과,054-780-3373,경상북도 울진군 평해읍 월송길 59,경상북도 울진군 평해읍 월송리 1007,2025-11-13,8971000,경상북도교육청 경상북도울진교육지원청
8750000,경상북도교육청,8971000,경상북도울진교육지원청,47,경상북도,420,울진군,기성초사동분교장,2024,초등학교,미활용,1224,14506,행정지원과,054-780-3373,경상북도 울진군 기성면 해월헌길 19,경상북도 울진군 기성면 사동리 455,2025-11-13,8971000,경상북도교육청 경상북도울진교육지원청
8750000,경상북도교육청,8971000,경상북도울진교육지원청,47,경상북도,420,울진군,기성초구산분교장,2023,초등학교,미활용,1379,11838,행정지원과,054-780-3373,경상북도 울진군 기성면 구산길 43,경상북도 울진군 기성면 구산리 320,2025-11-13,8971000,경상북도교육청 경상북도울진교육지원청
8750000,경상북도교육청,8971000,경상북도울진교육지원청,47,경상북도,420,울진군,평해여자중학교,2019,중학교,자체활용,6872,28622,행정지원과,054-780-3373,경상북도 울진군 평해읍 평해7길 61-3,경상북도 울진군 평해읍 평해리 413,2025-11-13,8971000,경상북도교육청 경상북도울진교육지원청
8750000,경상북도교육청,8971000,경상북도울진교육지원청,47,경상북도,420,울진군,매화종합고등학교,2008,고등학교,자체활용,3860,17518,행정지원과,054-780-3373,경상북도 울진군 매화면 매화1길 71-6,경상북도 울진군 매화면 매화리 1141,2025-11-13,8971000,경상북도교육청 경상북도울진교육지원청
8750000,경상북도교육청,8971000,경상북도울진교육지원청,47,경상북도,420,울진군,울진여자고등학교,1999,고등학교,자체활용,13606,44825,행정지원과,054-780-3373,경상북도 울진군 울진읍 연지길 7,경상북도 울진군 울진읍 연지리 781,2025-11-13,8971000,경상북도교육청 경상북도울진교육지원청
8750000,경상북도교육청,8971000,경상북도울진교육지원청,47,경상북도,420,울진군,울진여자중학교,1999,중학교,자체활용,7648,20765,행정지원과,054-780-3373,경상북도 울진군 울진읍 연호로 39,경상북도 울진군 울진읍 연지리 822,2025-11-13,8971000,경상북도교육청 경상북도울진교육지원청
8750000,경상북도교육청,8971000,경상북도울진교육지원청,47,경상북도,420,울진군,온양초등학교,1997,초등학교,자체활용,2333,5198,행정지원과,054-780-3373,경상북도 울진군 울진읍 울진북로 925,경상북도 울진군 울진읍 온양리 224-9,2025-11-13,8971000,경상북도교육청 경상북도울진교육지원청
8750000,경상북도교육청,8971000,경상북도울진교육지원청,47,경상북도,420,울진군,노음초진복분교장,1990,초등학교,자체활용,2020,11577,행정지원과,054-780-3373,경상북도 울진군 근남면 진복길 1,경상북도 울진군 근남면 진복리 631,2025-11-13,8971000,경상북도교육청 경상북도울진교육지원청
8750000,경상북도교육청,8971000,경상북도울진교육지원청,47,경상북도,420,울진군,고목초등학교,1996,초등학교,대부,346,1854,행정지원과,054-780-3373,경상북도 울진군 북면 고목1길 28-27,경상북도 울진군 북면 고목리 470-4,2025-11-13,8971000,경상북도교육청 경상북도울진교육지원청
8750000,경상북도교육청,8761000,경상북도포항교육지원청,47,경상북도,110,포항시,자명초등학교,2005,초등학교,대부,1080,6888,재정지원과,054-288-6852,경상북도 포항시 남구 연일읍 자명로 272,경상북도 포항시 남구 연일읍 자명리 526-1,2025-12-01,8761000,경상북도교육청 경상북도포항교육지원청
8750000,경상북도교육청,8761000,경상북도포항교육지원청,47,경상북도,110,포항시,기계초등학교기서분교장,2002,초등학교,미활용,946.62,14192,재정지원과,054-288-6852,경상북도 포항시 북구 기계면 새마을로2323번길 55,경상북도 포항시 북구 기계면 가안리 14,2025-12-01,8761000,경상북도교육청 경상북도포항교육지원청
8750000,경상북도교육청,8761000,경상북도포항교육지원청,47,경상북도,110,포항시,대보초등학교강사분교장,1993,초등학교,미활용,641.32,8269,재정지원과,054-288-6852,경상북도 포항시 남구 호미곶면 일출로687번길 30-8,경상북도 포항시 남구 호미곶면 강사리 491,2025-12-01,8761000,경상북도교육청 경상북도포항교육지원청
8750000,경상북도교육청,8761000,경상북도포항교육지원청,47,경상북도,110,포항시,이가초등학교,1996,초등학교,미활용,4122.69,14650,재정지원과,054-288-6852,경상북도 포항시 북구 청하면 해안로2064번길 3,경상북도 포항시 북구 청하면 이가리 138,2025-12-01,8761000,경상북도교육청 경상북도포항교육지원청
8750000,경상북도교육청,8761000,경상북도포항교육지원청,47,경상북도,110,포항시,기계중학교상옥분교장,2021,중학교,대부,1016,16533,재정지원과,054-288-6852,경상북도 포항시 북구 죽장면 죽장로 1860,경상북도 포항시 북구 죽장면 상옥리 389,2025-12-01,8761000,경상북도교육청 경상북도포항교육지원청
8750000,경상북도교육청,8761000,경상북도포항교육지원청,47,경상북도,110,포항시,구룡포초등학교구남분교장,2014,초등학교,대부,946.13,10407,재정지원과,054-288-6852,경상북도 포항시 남구 구룡포읍 동해안로4287번길 6,경상북도 포항시 남구 구룡포읍 구평리 736-1,2025-12-01,8761000,경상북도교육청 경상북도포항교육지원청
8750000,경상북도교육청,8761000,경상북도포항교육지원청,47,경상북도,110,포항시,용흥중학교,2019,중학교,미활용,5867.6,12126,재정지원과,054-288-6852,경상북도 포항시 북구 용흥로 90,경상북도 포항시 북구 용흥동 340,2025-12-01,8761000,경상북도교육청 경상북도포항교육지원청
8750000,경상북도교육청,8761000,경상북도포항교육지원청,47,경상북도,110,포항시,청하초등학교청하남부분교장,2016,초등학교,대부,949.92,9566,재정지원과,054-288-6852,경상북도 포항시 북구 청하면 사방공원길 27,경상북도 포항시 북구 청하면 소동리 768-1,2025-12-01,8761000,경상북도교육청 경상북도포항교육지원청
8750000,경상북도교육청,8761000,경상북도포항교육지원청,47,경상북도,110,포항시,구룡포여자종합고등학교,2012,고등학교,대부,5351,16.053,재정지원과,054-288-6852,경상북도 포항시 남구 구룡포읍 병포길52번길 17,경상북도 포항시 남구 구룡포읍 병포리 139-1,2025-12-01,8761000,경상북도교육청 경상북도포항교육지원청
8750000,경상북도교육청,8761000,경상북도포항교육지원청,47,경상북도,110,포항시,동해초등학교흥환분교장,2013,초등학교,대부,936.38,10528,재정지원과,054-288-6852,경상북도 포항시 남구 동해면 호미로 2495,경상북도 포항시 남구 동해면 흥환리 357,2025-12-01,8761000,경상북도교육청 경상북도포항교육지원청
8750000,경상북도교육청,8761000,경상북도포항교육지원청,47,경상북도,110,포항시,대보초등학교대동배분교장,2007,초등학교,대부,346,5500,재정지원과,054-288-6852,경상북도 포항시 남구 호미곶면 호미로 1689,경상북도 포항시 남구 호미곶면 대동배리 410-1,2025-12-01,8761000,경상북도교육청 경상북도포항교육지원청
8750000,경상북도교육청,8761000,경상북도포항교육지원청,47,경상북도,110,포항시,신광초등학교비학분교장,2007,초등학교,대부,1255.29,19613,재정지원과,054-288-6852,경상북도 포항시 북구 신광면 비학로1242번길 10,경상북도 포항시 북구 신광면 만석리 800-68,2025-12-01,8761000,경상북도교육청 경상북도포항교육지원청
8750000,경상북도교육청,8761000,경상북도포항교육지원청,47,경상북도,110,포항시,죽장초등학교죽북분교장,2008,초등학교,대부,1433.64,17017,재정지원과,054-288-6852,경상북도 포항시 북구 죽장면 합석길 7,경상북도 포항시 북구 죽장면 합덕리 276,2025-12-01,8761000,경상북도교육청 경상북도포항교육지원청
8750000,경상북도교육청,8761000,경상북도포항교육지원청,47,경상북도,110,포항시,죽장초등학교상사분교장,2001,초등학교,대부,878,7988,재정지원과,054-288-6852,경상북도 포항시 북구 죽장면 병보천길 714,경상북도 포항시 북구 죽장면 상사리 1181-1,2025-12-01,8761000,경상북도교육청 경상북도포항교육지원청
8750000,경상북도교육청,8761000,경상북도포항교육지원청,47,경상북도,110,포항시,석병초등학교,1998,초등학교,대부,2483.15,11308,재정지원과,054-288-6852,경상북도 포항시 남구 구룡포읍 일출로 318,경상북도 포항시 남구 구룡포읍 석병리 640-2,2025-12-01,8761000,경상북도교육청 경상북도포항교육지원청
8750000,경상북도교육청,8761000,경상북도포항교육지원청,47,경상북도,110,포항시,청하초등학교서정분교장,1997,초등학교,대부,1072.07,8648,재정지원과,054-288-6852,경상북도 포항시 북구 청하면 수목원로 1425-3,경상북도 포항시 북구 청하면 서정리 685,2025-12-01,8761000,경상북도교육청 경상북도포항교육지원청
8750000,경상북도교육청,8761000,경상북도포항교육지원청,47,경상북도,110,포항시,죽장초등학교가사분교장,1992,초등학교,대부,164.09,8652,재정지원과,054-288-6852,경상북도 포항시 북구 죽장면 죽장로 713,경상북도 포항시 북구 죽장면 가사리 380-1,2025-12-01,8761000,경상북도교육청 경상북도포항교육지원청
8750000,경상북도교육청,8761000,경상북도포항교육지원청,47,경상북도,110,포항시,상옥초등학교하옥분교장,1993,초등학교,자체활용,1573,12393,재정지원과,054-288-6852,경상북도 포항시 북구 죽장면 죽장로 2805,경상북도 포항시 북구 죽장면 하옥리 446-1,2025-12-01,8761000,경상북도교육청 경상북도포항교육지원청
8750000,경상북도교육청,8761000,경상북도포항교육지원청,47,경상북도,110,포항시,대양초등학교,2001,초등학교,자체활용,1248,10071,재정지원과,054-288-6852,경상북도 포항시 북구 해안로 469,경상북도 포항시 북구 환호동 13-7,2025-12-01,8761000,경상북도교육청 경상북도포항교육지원청
8750000,경상북도교육청,8761000,경상북도포항교육지원청,47,경상북도,110,포항시,대신초등학교,2000,초등학교,자체활용,4526.84,14688,재정지원과,054-288-6852,경상북도 포항시 북구 중흥로 170,경상북도 포항시 북구 죽도동 655-9,2025-12-01,8761000,경상북도교육청 경상북도포항교육지원청
8750000,경상북도교육청,8891000,영양교육지원청,47,경상북도,760,영양군,영양중학교입암분교장,2019,중학교,미활용,2363.36,19762,행정지원과,054-680-2223,경상북도 영양군 입암면 산해1길 9-4,경상북도 영양군 입암면 산해리 48,2025-12-30,8891000,경상북도교육청 경상북도영양교육지원청
8750000,경상북도교육청,8891000,영양교육지원청,47,경상북도,760,영양군,수비초등학교신암분교장,2009,초등학교,대부,0,7195,행정지원과,054-680-2223,경상북도 영양군 수비면 낙동정맥로 4372,경상북도 영양군 수비면 신암리 166,2025-12-30,8891000,경상북도교육청 경상북도영양교육지원청
8750000,경상북도교육청,8891000,영양교육지원청,47,경상북도,760,영양군,입암초등학교방전분교장,2000,초등학교,대부,0,13485,행정지원과,054-680-2223,경상북도 영양군 입암면 영양로 205,경상북도 영양군 입암면 방전리 489-3,2025-12-30,8891000,경상북도교육청 경상북도영양교육지원청
8750000,경상북도교육청,8891000,영양교육지원청,47,경상북도,760,영양군,주남초등학교,1999,초등학교,대부,0,11519,행정지원과,054-680-2223,경상북도 영양군 석보면 원요로 251,경상북도 영양군 석보면 주남리 350-1,2025-12-30,8891000,경상북도교육청 경상북도영양교육지원청
8750000,경상북도교육청,8891000,영양교육지원청,47,경상북도,760,영양군,신사초등학교,1999,초등학교,대부,1028.42,13786,행정지원과,054-680-2223,경상북도 영양군 선바위로 230-35,경상북도 영양군 입암면 신사리 611-1,2025-12-30,8891000,경상북도교육청 경상북도영양교육지원청
8750000,경상북도교육청,8891000,영양교육지원청,47,경상북도,760,영양군,석보초등학교소계분교장,1995,초등학교,대부,0,9222,행정지원과,054-680-2223,경상북도 영양군 석보면 석영로 526-1,경상북도 영양군 석보면 소계리 227,2025-12-30,8891000,경상북도교육청 경상북도영양교육지원청
8750000,경상북도교육청,8891000,영양교육지원청,47,경상북도,760,영양군,송하초등학교,1994,초등학교,자체활용,655.02,9674,행정지원과,054-680-2223,경상북도 영양군 수비면 가천로 607,경상북도 영양군 수비면 송하리 367-1,2025-12-30,8891000,경상북도교육청 경상북도영양교육지원청
8750000,경상북도교육청,8891000,영양교육지원청,47,경상북도,760,영양군,청남초등학교구매분교장,1993,초등학교,미활용,0,11790,행정지원과,054-680-2223,,경상북도 영양군 청기면 구매리 48,2025-12-30,8891000,경상북도교육청 경상북도영양교육지원청
8750000,경상북도교육청,8941000,경상북도칠곡교육지원청,47,경상북도,850,칠곡군,북삼초등학교 오평분교장,2022,초등학교,자체활용,703.7,12018,행정지원과,054-979-2174,경상북도 칠곡군 북삼읍 시덕로 311,경상북도 칠곡군 북삼읍 오평리 847-7,2025-12-29,8941000,경상북도교육청 경상북도칠곡교육지원청
8750000,경상북도교육청,8941000,경상북도칠곡교육지원청,47,경상북도,850,칠곡군,신동초등학교 연호분교장,1999,초등학교,대부,0,4778,행정지원과,054-979-2174,경상북도 칠곡군 지천면 연호2길 87-10,경상북도 칠곡군 지천면 연호리 866,2025-12-29,8941000,경상북도교육청 경상북도칠곡교육지원청
8750000,경상북도교육청,8941000,경상북도칠곡교육지원청,47,경상북도,850,칠곡군,신동초등학교 연화분교장,1997,초등학교,대부,1263.6,9901,행정지원과,054-979-2174,경상북도 칠곡군 지천면 연화2길 21,경상북도 칠곡군 지천면 연화리 513-4,2025-12-29,8941000,경상북도교육청 경상북도칠곡교육지원청
8750000,경상북도교육청,8941000,경상북도칠곡교육지원청,47,경상북도,850,칠곡군,기산초등학교,1999,초등학교,대부,2595.1,8528,행정지원과,054-979-2174,경상북도 칠곡군 기산면 지산로 483,경상북도 칠곡군 기산면 봉산리 538,2025-12-29,8941000,경상북도교육청 경상북도칠곡교육지원청
8750000,경상북도교육청,8771000,경상북도경주교육지원청,47,경상북도,130,경주시,의곡초 일부분교,2024,초등학교,대부,810.61,10400,행정지원과,054-740-9133,경상북도 경주시 산내면 거산제궁길 16,,2025-12-31,8771000,경상북도교육청 경상북도경주교육지원청
8750000,경상북도교육청,8771000,경상북도경주교육지원청,47,경상북도,130,경주시,천북초 물천분교,2017,초등학교,미활용,877,9550,행정지원과,054-740-9133,경상북도 경주시 천북면 물천안길 31,,2025-12-31,8771000,경상북도교육청 경상북도경주교육지원청
8750000,경상북도교육청,8771000,경상북도경주교육지원청,47,경상북도,130,경주시,양남초 상계분교,2015,초등학교,미활용,998.66,8914,행정지원과,054-740-9133,경상북도 경주시 양남면 화림길 7-3,,2025-12-31,8771000,경상북도교육청 경상북도경주교육지원청
8750000,경상북도교육청,8771000,경상북도경주교육지원청,47,경상북도,130,경주시,강동초 단구분교,2014,초등학교,미활용,962.98,13405,행정지원과,054-740-9133,경상북도 경주시 강동면 단구안계길 62-1,,2025-12-31,8771000,경상북도교육청 경상북도경주교육지원청
8750000,경상북도교육청,8771000,경상북도경주교육지원청,47,경상북도,130,경주시,경주초 학동분교,2002,초등학교,미활용,259.86,5412,행정지원과,054-740-9133,경상북도 경주시 내남면 반동길 44,,2025-12-31,8771000,경상북도교육청 경상북도경주교육지원청
8750000,경상북도교육청,8771000,경상북도경주교육지원청,47,경상북도,130,경주시,노월초,1995,초등학교,자체활용,793,9140,행정지원과,054-740-9133,경상북도 경주시 내남면 노곡2길 26-6,,2025-12-31,8771000,경상북도교육청 경상북도경주교육지원청
8750000,경상북도교육청,8771000,경상북도경주교육지원청,47,경상북도,130,경주시,경주초 화천분교,2010,초등학교,자체활용,721,12541,행정지원과,054-740-9133,경상북도 경주시 건천읍 내외로 2901,,2025-12-31,8771000,경상북도교육청 경상북도경주교육지원청
8750000,경상북도교육청,8771000,경상북도경주교육지원청,47,경상북도,130,경주시,안강북부초,2013,초등학교,자체활용,2004.41,14096,행정지원과,054-740-9133,경상북도 경주시 안강읍 안현로 1853-12,,2025-12-31,8771000,경상북도교육청 경상북도경주교육지원청
8750000,경상북도교육청,8771000,경상북도경주교육지원청,47,경상북도,130,경주시,경주마케팅고,2019,고등학교,자체활용,3010.85,18401,행정지원과,054-740-9133,경상북도 경주시 산내면 문복로 1797-27,,2025-12-31,8771000,경상북도교육청 경상북도경주교육지원청
8750000,경상북도교육청,8771000,경상북도경주교육지원청,47,경상북도,130,경주시,오릉초,2010,초등학교,자체활용,1598.4,11048,행정지원과,054-740-9133,경상북도 경주시 탑리5길 31,,2025-12-31,8771000,경상북도교육청 경상북도경주교육지원청
8750000,경상북도교육청,8771000,경상북도경주교육지원청,47,경상북도,130,경주시,전촌초,2009,초등학교,자체활용,980,14718,행정지원과,054-740-9133,경상북도 경주시 감포읍 동해안로 2043,,2025-12-31,8771000,경상북도교육청 경상북도경주교육지원청
8750000,경상북도교육청,8771000,경상북도경주교육지원청,47,경상북도,130,경주시,양북고,2003,고등학교,자체활용,0,15080,행정지원과,054-740-9133,경상북도 경주시 문무대왕면 어일남길 2,,2025-12-31,8771000,경상북도교육청 경상북도경주교육지원청
8750000,경상북도교육청,8771000,경상북도경주교육지원청,47,경상북도,130,경주시,가정초,1999,초등학교,자체활용,10409,11978,행정지원과,054-740-9133,경상북도 경주시 현곡면 용담로 694,,2025-12-31,8771000,경상북도교육청 경상북도경주교육지원청
8750000,경상북도교육청,8771000,경상북도경주교육지원청,47,경상북도,130,경주시,모아초 모서분교,2021,초등학교,대부,708,9741,행정지원과,054-740-9133,경상북도 경주시 강동면 모서안길 99-16,,2025-12-31,8771000,경상북도교육청 경상북도경주교육지원청
8750000,경상북도교육청,8771000,경상북도경주교육지원청,47,경상북도,130,경주시,의곡초 대현분교,1996,초등학교,대부,840,6513,행정지원과,054-740-9133,경상북도 경주시 산내면 문복로 1143,,2025-12-31,8771000,경상북도교육청 경상북도경주교육지원청
8750000,경상북도교육청,8771000,경상북도경주교육지원청,47,경상북도,130,경주시,의곡초 신원분교,1993,초등학교,대부,255,3263,행정지원과,054-740-9133,경상북도 경주시 산내면 오봉로 38-7,,2025-12-31,8771000,경상북도교육청 경상북도경주교육지원청
8750000,경상북도교육청,8771000,경상북도경주교육지원청,47,경상북도,130,경주시,왕산초,1994,초등학교,대부,1100,6708,행정지원과,054-740-9133,경상북도 경주시 보덕로 447,,2025-12-31,8771000,경상북도교육청 경상북도경주교육지원청
8750000,경상북도교육청,8771000,경상북도경주교육지원청,47,경상북도,130,경주시,박달초,1992,초등학교,대부,1642,9891,행정지원과,054-740-9133,경상북도 경주시 내남면 박달로 668,,2025-12-31,8771000,경상북도교육청 경상북도경주교육지원청
8750000,경상북도교육청,8771000,경상북도경주교육지원청,47,경상북도,130,경주시,양북초 송전분교,2010,초등학교,대부,984,14101,행정지원과,054-740-9133,경상북도 경주시 문무대왕면 송전기곡길 15-12,,2025-12-31,8771000,경상북도교육청 경상북도경주교육지원청
8750000,경상북도교육청,8771000,경상북도경주교육지원청,47,경상북도,130,경주시,의곡초 우라분교,2010,초등학교,대부,753,8958,행정지원과,054-740-9133,경상북도 경주시 산내면 오봉로 739-4,,2025-12-31,8771000,경상북도교육청 경상북도경주교육지원청
8750000,경상북도교육청,8771000,경상북도경주교육지원청,47,경상북도,130,경주시,강동초 왕신분교,2009,초등학교,대부,993,13045,행정지원과,054-740-9133,경상북도 경주시 강동면 왕신숲골안길 5,,2025-12-31,8771000,경상북도교육청 경상북도경주교육지원청
8750000,경상북도교육청,8771000,경상북도경주교육지원청,47,경상북도,130,경주시,천북초 화당분교,2001,초등학교,대부,726,8910,행정지원과,054-740-9133,경상북도 경주시 천북면 용사길 10-9,,2025-12-31,8771000,경상북도교육청 경상북도경주교육지원청
8750000,경상북도교육청,8771000,경상북도경주교육지원청,47,경상북도,130,경주시,옥산초 하강분교,2000,초등학교,대부,607,9672,행정지원과,054-740-9133,경상북도 경주시 안강읍 호국로 2037,,2025-12-31,8771000,경상북도교육청 경상북도경주교육지원청
8750000,경상북도교육청,8771000,경상북도경주교육지원청,47,경상북도,130,경주시,아화초 천촌분교,1995,초등학교,대부,222,3398,행정지원과,054-740-9133,경상북도 경주시 서면 상부길 110,,2025-12-31,8771000,경상북도교육청 경상북도경주교육지원청
8750000,경상북도교육청,8771000,경상북도경주교육지원청,47,경상북도,130,경주시,모서초 호명분교,1994,초등학교,대부,248,5883,행정지원과,054-740-9133,경상북도 경주시 강동면 호명큰골길 47,,2025-12-31,8771000,경상북도교육청 경상북도경주교육지원청
8750000,경상북도교육청,8771000,경상북도경주교육지원청,47,경상북도,130,경주시,의곡초 감산분교,1993,초등학교,대부,449.5,5421,행정지원과,054-740-9133,경상북도 경주시 산내면 감존길 2,,2025-12-31,8771000,경상북도교육청 경상북도경주교육지원청
8750000,경상북도교육청,8841000,문경교육지원청,47,경상북도,280,문경시,구)산북초등학교 창구분교장,2025,초등학교,대부,781.82,9599,재정지원담당,054-550-5574,경상북도 문경시 산북면 창구길 9,경상북도 문경시 산북면 창구리 183,2026-01-02,8841000,경상북도교육청 경상북도문경교육지원청
8750000,경상북도교육청,8841000,문경교육지원청,47,경상북도,280,문경시,구)가은초등학교 희양분교장,2025,초등학교,자체활용,886.2,12014,재정지원담당,054-550-5574,경상북도 문경시 가은읍 대야로 1871,경상북도 문경시 가은읍 상괴리 450,2026-01-02,8841000,경상북도교육청 경상북도문경교육지원청
8750000,경상북도교육청,8841000,문경교육지원청,47,경상북도,280,문경시,구)신기초등학교 대성분교장,2009,초등학교,자체활용,5251.52,13973,재정지원담당,054-550-5574,경상북도 문경시 호계면 태봉1길 25,경상북도 문경시 호계면 견탄리 500-5,2026-01-02,8841000,경상북도교육청 경상북도문경교육지원청
8750000,경상북도교육청,8841000,문경교육지원청,47,경상북도,280,문경시,구)산북정보고등학교,2005,고등학교,자체활용,3280.23,16132,재정지원담당,054-550-5574,경상북도 문경시 산북면 금천로 560,경상북도 문경시 산북면 대상리 97-3,2026-01-02,8841000,경상북도교육청 경상북도문경교육지원청
8750000,경상북도교육청,8841000,문경교육지원청,47,경상북도,280,문경시,구)수평초등학교(문경학생야영장),1993,초등학교,미활용,1185.3,12097,재정지원담당,054-550-5574,경상북도 문경시 동로면 금천로 1859,경상북도 문경시 동로면 수평리 390,2026-01-02,8841000,경상북도교육청 경상북도문경교육지원청
8490000,전라남도교육청,8601000,보성교육지원청,46,전라남도,780,보성군,벌교초제석분교장,2015,초등학교,미활용,1126,13922,재정과,061-260-0792,전라남도 보성군 벌교읍 장호길 14,전라남도 보성군 벌교읍 장양리 793,2025-11-18,8490000,전라남도교육청
8490000,전라남도교육청,8601000,보성교육지원청,46,전라남도,780,보성군,회천동초등학교,2007,초등학교,미활용,951,92561,재정과,061-260-0792,전라남도 보성군 회천면 원산길 11,전라남도 보성군 회천면 서당리 659,2025-11-18,8490000,전라남도교육청
8490000,전라남도교육청,8601000,보성교육지원청,46,전라남도,780,보성군,영등초등학교,2004,초등학교,미활용,0,20930,재정과,061-260-0792,전라남도 보성군 벌교읍 남하로 474,전라남도 보성군 벌교읍 영등리 726,2025-11-18,8490000,전라남도교육청
8490000,전라남도교육청,8601000,보성교육지원청,46,전라남도,780,보성군,노동초학동분교장,1999,초등학교,미활용,875,13055,재정과,061-260-0792,전라남도 보성군 노동면 예재로 448-9,전라남도 보성군 노동면 학동리 501,2025-11-18,8490000,전라남도교육청
8490000,전라남도교육청,8601000,보성교육지원청,46,전라남도,780,보성군,장암초등학교,1998,초등학교,미활용,799,7768,재정과,061-260-0792,전라남도 보성군 벌교읍 장암길 234-44,전라남도 보성군 벌교읍 장암리 710-1,2025-11-18,8490000,전라남도교육청
8490000,전라남도교육청,8601000,보성교육지원청,46,전라남도,780,보성군,보성중웅치분교장,2004,중학교,미활용,1517,18346,재정과,061-260-0792,,전라남도 보성군 웅치면 강산리 339,2025-11-18,8490000,전라남도교육청
8490000,전라남도교육청,8601000,보성교육지원청,46,전라남도,780,보성군,득량서초등학교,1997,초등학교,대부,543,15629,재정과,061-260-0792,,전라남도 보성군 득량면 마천리 743-1,2025-11-18,8490000,전라남도교육청
8490000,전라남도교육청,8601000,보성교육지원청,46,전라남도,780,보성군,겸백초은덕분교장,1994,초등학교,미활용,692,12132,재정과,061-260-0792,전라남도 보성군 겸백면 보성강로 1176-7,전라남도 보성군 겸백면 은덕리 19,2025-11-18,8490000,전라남도교육청
8490000,전라남도교육청,8601000,보성교육지원청,46,전라남도,780,보성군,노동초금호분교장,1994,초등학교,미활용,588,9808,재정과,061-260-0792,,전라남도 보성군 노동면 금호리 598,2025-11-18,8490000,전라남도교육청
8490000,전라남도교육청,8601000,보성교육지원청,46,전라남도,780,보성군,벌교초장도분교장,2025,초등학교,대부,1017,8712,재정과,061-260-0792,전라남도 보성군 벌교읍 장도길 204-6,전라남도 보성군 벌교읍 장도리 354,2025-11-18,8490000,전라남도교육청
8490000,전라남도교육청,8661000,무안교육지원청,46,전라남도,840,무안군,일로초지감분교장,1999,초등학교,미활용,709,9232,재정과,061-260-0792,전라남도 무안군 일로읍 문화로 547,전라남도 무안군 일로읍 감돈리 299,2025-11-18,8490000,전라남도교육청
8490000,전라남도교육청,8661000,무안교육지원청,46,전라남도,840,무안군,해제동초등학교,2009,초등학교,미활용,1746,13652,재정과,061-260-0792,전라남도 무안군 해제면 만송로 1431,전라남도 무안군 해제면 유월리 561,2025-11-18,8490000,전라남도교육청
8490000,전라남도교육청,8501000,목포교육지원청,46,전라남도,110,목포시,목포서산초 충무분교장,2025,초등학교,미활용,129,7093,재정과,061-260-0792,전라남도 목포시 고하도길 91 (달동),전라남도 목포시 달동 800-8,2025-11-18,8490000,전라남도교육청
8490000,전라남도교육청,8501000,목포교육지원청,46,전라남도,110,목포시,유달초율도분교장,2021,초등학교,미활용,442,5491,재정과,061-260-0792,전라남도 목포시 율도길 88(율도동),전라남도 목포시 율도동 261,2025-11-18,8490000,전라남도교육청
8490000,전라남도교육청,8561000,담양교육지원청,46,전라남도,710,담양군,만덕초용산분교장,1995,초등학교,미활용,738,8695,재정과,061-260-0792,전라남도 담양군 대덕면 상갈길 10-9,전라남도 담양군 대덕면 갈전리 687,2025-11-18,8490000,전라남도교육청
8490000,전라남도교육청,8561000,담양교육지원청,46,전라남도,710,담양군,남면초인암분교장,2011,초등학교,대부,977,11402,재정과,061-260-0792,전라남도 담양군 가사문학면 가사문학로 1694,전라남도 담양군 가사문학면 인암리 238-2,2025-11-18,8490000,전라남도교육청
8490000,전라남도교육청,8561000,담양교육지원청,46,전라남도,710,담양군,고서초주산분교장,1999,초등학교,미활용,0,14151,재정과,061-260-0792,전라남도 담양군 고서면 월양길 159,전라남도 담양군 고서면 주산리 516,2025-11-18,8490000,전라남도교육청
9010000,경상남도교육청,9131000,함안교육지원청,48,경상남도,730,함안군,구)대산초등학교,2007,초등학교,대부,1865,13037,교육재정담당,055-580-8072,경상남도 함안군 대산면 고원길 47,경상남도 함안군 대산면 평림리 398-1,2025-12-01,9010000,경상남도교육청
9010000,경상남도교육청,9221000,합천교육지원청,48,경상남도,890,합천군,봉산초등학교삼덕분교장,1992,초등학교,미활용,932,4069,교육재정담당,055-930-7094,경상남도 합천군 봉산면 계산3길 20,경상남도 합천군 봉산면 계산리 247,2025-12-01,9010000,경상남도교육청
9010000,경상남도교육청,9221000,합천교육지원청,48,경상남도,890,합천군,합천중학교봉산분교장,2012,중학교,대부,2088,10699,교육재정담당,055-930-7094,경상남도 합천군 봉산면 서부로 4326,경상남도 합천군 봉산면 김봉리 351-1,2025-12-01,9010000,경상남도교육청
9010000,경상남도교육청,9221000,합천교육지원청,48,경상남도,890,합천군,삼가초등학교자양분교장,1998,초등학교,대부,655,10503,교육재정담당,055-930-7094,경상남도 합천군 삼가면 동리외초길 223,경상남도 합천군 삼가면 동리 187,2025-12-01,9010000,경상남도교육청
9010000,경상남도교육청,9211000,거창교육지원청,48,경상남도,880,거창군,구)남상초등학교,1999,초등학교,대부,1191,11444,교육재정담당,055-940-6173,경상남도 거창군 남상면 대산1길 12,경상남도 거창군 남상면 대산리 128,2025-12-01,9010000,경상남도교육청
9010000,경상남도교육청,9022000,창원교육지원청,48,경상남도,121,의창구,북면초등학교화천분교장,1999,초등학교,미활용,269,4449,재산관리담당,055-210-0562,경상남도 창원시 의창구 북면 천주로 477-14,경상남도 창원시 의창구 북면 외감리 168-2,2025-12-01,9010000,경상남도교육청
9010000,경상남도교육청,9022000,창원교육지원청,48,경상남도,123,성산구,양곡초등학교귀산분교장,1999,초등학교,대부,618,4340,재산관리담당,055-210-0562,경상남도 창원시 성산구 삼귀로 411-36,경상남도 창원시 성산구 귀산동 499,2025-12-01,9010000,경상남도교육청
9010000,경상남도교육청,9051000,진주교육지원청,48,경상남도,170,진주시,구)갈전초등학교,1999,초등학교,대부,1191,9977,예산담당,055-740-2163,경상남도 진주시 금산면 송백로 30,경상남도 진주시 금산면 갈전리 1441-1,2025-12-01,9010000,경상남도교육청
9010000,경상남도교육청,9051000,진주교육지원청,48,경상남도,170,진주시,사봉초등학교부계분교장,1993,초등학교,미활용,518,6320,예산담당,055-740-2163,경상남도 진주시 사봉면 사군로 559,경상남도 진주시 사봉면 부계리 1159,2025-12-01,9010000,경상남도교육청
9010000,경상남도교육청,9051000,진주교육지원청,48,경상남도,170,진주시,대암초등학교,1999,초등학교,미활용,880,9557,예산담당,055-740-2163,경상남도 진주시 집현면 진산로 1141,경상남도 진주시 집현면 대암리 417,2025-12-01,9010000,경상남도교육청
9010000,경상남도교육청,9051000,진주교육지원청,48,경상남도,170,진주시,명석초등학교계원분교장,1997,초등학교,대부,1021,13112,예산담당,055-740-2163,경상남도 진주시 명석면 광제산로 737,경상남도 진주시 명석면 계원리 174-1,2025-12-01,9010000,경상남도교육청
9010000,경상남도교육청,9051000,진주교육지원청,48,경상남도,170,진주시,내동초등학교나동분교장,1998,초등학교,대부,1210,6321,예산담당,055-740-2163,경상남도 진주시 내동면 칠봉산길 26-20,경상남도 진주시 내동면 삼계리 253-9,2025-12-01,9010000,경상남도교육청
7480000,울산광역시교육청,7491000,울산광역시강북교육지원청,31,울산광역시,200,북구,효문분교,2020,초등학교,자체활용,3322.8,14650,교육여건개선과,052-210-5962,울산광역시 북구 송도길 84,울산광역시 북구 효문동 767,2024-11-06,7480000,울산광역시교육청
7480000,울산광역시교육청,7491000,울산광역시강북교육지원청,31,울산광역시,200,북구,구.호계중,2020,중학교,자체활용,11781.85,19779,교육여건개선과,052-210-5962,울산광역시 북구 동대11길 39,울산광역시 북구 호계동 262-4,2024-11-06,7480000,울산광역시교육청
7480000,울산광역시교육청,7501000,울산광역시강남교육지원청,31,울산광역시,710,울주군,향산초,2016,초등학교,자체활용,4278,11443,교육여건개선과,052-210-5962,울산광역시 울주군 상북면 상북로 162,울산광역시 울주군 상북면 향산리 344,2024-11-06,7480000,울산광역시교육청
7480000,울산광역시교육청,7501000,울산광역시강남교육지원청,31,울산광역시,710,울주군,길천초,2016,초등학교,자체활용,2158.4,11301,교육여건개선과,052-210-5962,울산광역시 울주군 상북면 명촌길천로 341,울산광역시 울주군 상북면 길천리 401,2024-11-06,7480000,울산광역시교육청
7480000,울산광역시교육청,7501000,울산광역시강남교육지원청,31,울산광역시,710,울주군,궁근정초,2016,초등학교,자체활용,2422.7,10130,교육여건개선과,052-210-5962,울산광역시 울주군 상북면 석남로 832,울산광역시 울주군 상북면 궁근정리 564-1,2024-11-06,7480000,울산광역시교육청
7480000,울산광역시교육청,7491000,울산광역시강북교육지원청,31,울산광역시,200,북구,구.강동초,2015,초등학교,자체활용,3248,10547,교육여건개선과,052-210-5962,울산광역시 북구 무룡로 1119-6,울산광역시 북구 정자동 321,2024-11-06,7480000,울산광역시교육청
7480000,울산광역시교육청,7491000,울산광역시강북교육지원청,31,울산광역시,200,북구,구.강동중,2015,중학교,자체활용,2738,10177,교육여건개선과,052-210-5962,울산광역시 북구 무룡로 1093,울산광역시 북구 정자동 272,2024-11-06,7480000,울산광역시교육청
7480000,울산광역시교육청,7491000,울산광역시강북교육지원청,31,울산광역시,110,중구,울산동중,2014,중학교,자체활용,9841,13483,교육여건개선과,052-210-5962,울산광역시 중구 곽남길 95,울산광역시 중구 약사동 541-1,2024-11-06,7480000,울산광역시교육청
7480000,울산광역시교육청,7491000,울산광역시강북교육지원청,31,울산광역시,200,북구,신명분교,1999,초등학교,자체활용,4548.2,9678.4,교육여건개선과,052-210-5962,울산광역시 북구 동해안로 1769,울산광역시 북구 신명동 153-5,2024-11-06,7480000,울산광역시교육청
7480000,울산광역시교육청,7491000,울산광역시강북교육지원청,31,울산광역시,200,북구,구.송정초,1999,초등학교,자체활용,3787,12358,교육여건개선과,052-210-5962,울산광역시 북구 지당5길 17,울산광역시 북구 송정동 820,2024-11-06,7480000,울산광역시교육청
7480000,울산광역시교육청,7501000,울산광역시강남교육지원청,31,울산광역시,710,울주군,서사분교,1999,초등학교,자체활용,1530.7,25744,교육여건개선과,052-210-5962,울산광역시 울주군 범서읍 두산로 52,울산광역시 울주군 범서읍 서사리 270,2024-11-06,7480000,울산광역시교육청
7480000,울산광역시교육청,7491000,울산광역시강북교육지원청,31,울산광역시,200,북구,무룡분교,1999,초등학교,자체활용,3150.6,6583,교육여건개선과,052-210-5962,울산광역시 북구 달곡2길 38,울산광역시 북구 무룡동 276-1,2024-11-06,7480000,울산광역시교육청
7480000,울산광역시교육청,7501000,울산광역시강남교육지원청,31,울산광역시,710,울주군,두남분교,1999,초등학교,자체활용,4799.3,11575,교육여건개선과,052-210-5962,울산광역시 울주군 두서면 구량차리로 16,울산광역시 울주군 두서면 구량리 212-2,2024-11-06,7480000,울산광역시교육청
7480000,울산광역시교육청,7491000,울산광역시강북교육지원청,31,울산광역시,200,북구,동해분교,1999,초등학교,자체활용,934.4,8008,교육여건개선과,052-210-5962,울산광역시 북구 동해안로 861,울산광역시 북구 당사동 465-2,2024-11-06,7480000,울산광역시교육청
7480000,울산광역시교육청,7501000,울산광역시강남교육지원청,31,울산광역시,710,울주군,내와분교,1999,초등학교,자체활용,1749.8,6684,교육여건개선과,052-210-5962,울산광역시 울주군 두서면 활천내와로 977,울산광역시 울주군 두서면 내와리 972-1,2024-11-06,7480000,울산광역시교육청
7480000,울산광역시교육청,7501000,울산광역시강남교육지원청,31,울산광역시,710,울주군,대송분교,1993,초등학교,자체활용,499.5,6143,교육여건개선과,052-210-5962,울산광역시 울주군 서생면 간절곶1길 15,울산광역시 울주군 서생면 대송리 195,2024-11-06,7480000,울산광역시교육청
9010000,경상남도교육청,9051000,진주교육지원청,48,경상남도,170,진주시,미천중학교,1995,중학교,대부,0,12963,예산담당,055-740-2163,,경상남도 진주시 미천면 오방리 600,2025-12-01,9010000,경상남도교육청
9010000,경상남도교육청,9081000,사천교육지원청,48,경상남도,240,사천시,대방초등학교실안분교장,2004,초등학교,미활용,1235,4896,교육재정담당,055-830-1579,경상남도 사천시 해안관광로 52,경상남도 사천시 실안동 440,2025-12-01,9010000,경상남도교육청
7480000,울산광역시교육청,7501000,울산광역시강남교육지원청,31,울산광역시,710,울주군,삼광분교,1999,초등학교,미활용,794.1,6614,교육여건개선과,052-210-5962,울산광역시 울주군 온양읍 광청로 303,울산광역시 울주군 온양읍 삼광리 657-1,2024-11-06,7480000,울산광역시교육청
7480000,울산광역시교육청,7501000,울산광역시강남교육지원청,31,울산광역시,710,울주군,미호분교,1993,초등학교,미활용,214.3,2762,교육여건개선과,052-210-5962,울산광역시 울주군 두서면 미호상동2길 3,울산광역시 울주군 두서면 미호리 610,2024-11-06,7480000,울산광역시교육청
7480000,울산광역시교육청,7501000,울산광역시강남교육지원청,31,울산광역시,710,울주군,검단분교,2020,초등학교,대부,1961.4,10169,교육여건개선과,052-210-5962,울산광역시 울주군 웅촌면 은현작동로 58,울산광역시 울주군 웅촌면 검단리 603-3,2024-11-06,7480000,울산광역시교육청
7480000,울산광역시교육청,7491000,울산광역시강북교육지원청,31,울산광역시,110,중구,구.울산초,2014,초등학교,대부,0,12048,교육여건개선과,052-210-5962,,울산광역시 중구 북정동 4-1,2024-11-06,7480000,울산광역시교육청
7480000,울산광역시교육청,7501000,울산광역시강남교육지원청,31,울산광역시,710,울주군,봉월초,2012,초등학교,대부,1274.3,9045,교육여건개선과,052-210-5962,울산광역시 울주군 두동면 이중남박길 7,울산광역시 울주군 두동면 봉계리 1030-3,2024-11-06,7480000,울산광역시교육청
7480000,울산광역시교육청,7501000,울산광역시강남교육지원청,31,울산광역시,710,울주군,두북분교,1999,초등학교,대부,845.7,12672,교육여건개선과,052-210-5962,울산광역시 울주군 두서면 활천내와로 50,울산광역시 울주군 두서면 활천리 329-1,2024-11-06,7480000,울산광역시교육청
9010000,경상남도교육청,9071000,통영교육지원청,48,경상남도,220,통영시,한산초등학교매물도분교장,2005,초등학교,대부,326,4280,교육재정담당,055-650-8085,경상남도 통영시 한산면 당금길 50-9,경상남도 통영시 한산면 매죽리 34-13,2025-12-01,9010000,경상남도교육청
8750000,경상북도교육청,8831000,상주교육지원청,47,경상북도,250,상주시,은척상업고등학교,2006,고등학교,자체활용,2476,19792,은척중학교,054-530-2333,경상북도 상주시 은척면 우기1길 10,경상북도 상주시 은척면 우기리 497,2025-12-26,8831000,경상북도교육청 경상북도상주교육지원청
8750000,경상북도교육청,8831000,상주교육지원청,47,경상북도,250,상주시,두릉초등학교,2005,초등학교,자체활용,1356,15399,연립관사,054-530-2333,경상북도 상주시 사벌국면 사벌로 507,경상북도 상주시 사벌국면 두릉리 303,2025-12-26,8831000,경상북도교육청 경상북도상주교육지원청
8750000,경상북도교육청,8831000,상주교육지원청,47,경상북도,250,상주시,상오초등학교,1987,초등학교,자체활용,4733,20943,상주학생수련원,054-530-2333,경상북도 상주시 화북면 문장로 1503,경상북도 상주시 화북면 상오리 562,2025-12-26,8831000,경상북도교육청 경상북도상주교육지원청
8750000,경상북도교육청,8831000,상주교육지원청,47,경상북도,250,상주시,내서초등학교,1999,초등학교,자체활용,1247,82738,유아교육체험센터,054-530-2333,경상북도 상주시 내서면 영남제일로 2521,경상북도 상주시 내서면 신촌리 21,2025-12-26,8831000,경상북도교육청 경상북도상주교육지원청
8750000,경상북도교육청,8831000,상주교육지원청,47,경상북도,250,상주시,은척중등학교 아산분교,2011,초등학교,대부,1416,13032,주민교육시설,054-530-2333,경상북도 상주시 이안면 아천2길 4,경상북도 상주시 이안면 아천리 347,2025-12-26,8831000,경상북도교육청 경상북도상주교육지원청
8750000,경상북도교육청,8831000,상주교육지원청,47,경상북도,250,상주시,공서초등학교,2013,초등학교,대부,1138,15111,창작스튜디오,054-530-2333,경상북도 상주시 공성면 석단로 217-16,경상북도 상주시 공성면 금계리 33,2025-12-26,8831000,경상북도교육청 경상북도상주교육지원청
8750000,경상북도교육청,8831000,상주교육지원청,47,경상북도,250,상주시,화령초등학교 사산분교,1994,초등학교,대부,648,14275,효자정재수기념관,054-530-2333,경상북도 상주시 화서면 효자로 201,경상북도 상주시 화서면 사산리 63,2025-12-26,8831000,경상북도교육청 경상북도상주교육지원청
8750000,경상북도교육청,8831000,상주교육지원청,47,경상북도,250,상주시,낙서초등학교 서원분교,1994,초등학교,대부,27,7044,농촌체험마을체험장,054-530-2333,경상북도 상주시 내서면 영남제일로 3537,경상북도 상주시 내서면 서원리 167-1,2025-12-26,8831000,경상북도교육청 경상북도상주교육지원청
8750000,경상북도교육청,8831000,상주교육지원청,47,경상북도,250,상주시,외서초등학교 배영분교,1999,초등학교,대부,1237,19896,환경농업학교,054-530-2333,경상북도 상주시 외서면 천봉서로 755,경상북도 상주시 외서면 봉강리 139,2025-12-26,8831000,경상북도교육청 경상북도상주교육지원청
8750000,경상북도교육청,8901000,영덕교육지원청,47,경상북도,518,영덕군,창수중학교,2009,중학교,대부,1781,13780,행정지원과,054-730-8064,경상북도 영덕군 창수면 신기1길 12-10,경상북도 영덕군 창수면 신기리 59-7,2025-12-26,8901000,경상북도교육청 경상북도영덕교육지원청
8750000,경상북도교육청,8901000,영덕교육지원청,47,경상북도,518,영덕군,창수초등학교 오촌분교장,1998,초등학교,대부,36,8189,행정지원과,054-730-8064,,경상북도 영덕군 창수면 오촌리 244-1,2025-12-26,8901000,경상북도교육청 경상북도영덕교육지원청
8750000,경상북도교육청,8901000,영덕교육지원청,47,경상북도,518,영덕군,창수초등학교 미곡분교장,1994,초등학교,미활용,1235,11699,행정지원과,054-730-8064,경상북도 영덕군 창수면 오서로 471,경상북도 영덕군 창수면 미곡리 583,2025-12-26,8901000,경상북도교육청 경상북도영덕교육지원청
8750000,경상북도교육청,8901000,영덕교육지원청,47,경상북도,518,영덕군,지품초등학교 낙평분교장,1995,초등학교,대부,0,7057,행정지원과,054-730-8064,경상북도 영덕군 지품면 경동로 6584,경상북도 영덕군 지품면 낙평리 398-2,2025-12-26,8901000,경상북도교육청 경상북도영덕교육지원청
8750000,경상북도교육청,8901000,영덕교육지원청,47,경상북도,518,영덕군,원전초등학교,1999,초등학교,대부,0,7969,행정지원과,054-730-8064,,경상북도 영덕군 지품면 원전리 295-2,2025-12-26,8901000,경상북도교육청 경상북도영덕교육지원청
8750000,경상북도교육청,8901000,영덕교육지원청,47,경상북도,518,영덕군,영해초등학교 영해동부분교장,2009,초등학교,대부,1248,7201,행정지원과,054-730-8064,경상북도 영덕군 영해면 관대길 50,경상북도 영덕군 영해면 괴시리 490,2025-12-26,8901000,경상북도교육청 경상북도영덕교육지원청
8750000,경상북도교육청,8901000,영덕교육지원청,47,경상북도,518,영덕군,영해초등학교 대동분교장,1997,초등학교,대부,291,5960,행정지원과,054-730-8064,경상북도 영덕군 영해면 대동로 1224-9,경상북도 영덕군 영해면 대리 394-1,2025-12-26,8901000,경상북도교육청 경상북도영덕교육지원청
8750000,경상북도교육청,8901000,영덕교육지원청,47,경상북도,518,영덕군,축산항초등학교 경정분교장,2023,초등학교,대부,860,11946,행정지원과,054-730-8064,경상북도 영덕군 축산면 경정길 17,경상북도 영덕군 축산면 경정리 234,2025-12-26,8901000,경상북도교육청 경상북도영덕교육지원청
8750000,경상북도교육청,8901000,영덕교육지원청,47,경상북도,518,영덕군,영덕야성초등학교 창포분교장,2015,초등학교,자체활용,194,27601,행정지원과,054-730-8064,경상북도 영덕군 영덕읍 창포길 2-11,경상북도 영덕군 영덕읍 창포리 550,2025-12-26,8901000,경상북도교육청 경상북도영덕교육지원청
8750000,경상북도교육청,8901000,영덕교육지원청,47,경상북도,518,영덕군,영덕야성초등학교 매정분교장,2016,초등학교,대부,979,11458,행정지원과,054-730-8064,경상북도 영덕군 영덕읍 매정길 235,경상북도 영덕군 영덕읍 매정리 88,2025-12-26,8901000,경상북도교육청 경상북도영덕교육지원청
8750000,경상북도교육청,8901000,영덕교육지원청,47,경상북도,518,영덕군,금곡초등학교,1999,초등학교,미활용,2146,10563,행정지원과,054-730-8064,경상북도 영덕군 병곡면 거무실길 22,경상북도 영덕군 병곡면 금곡리 269-1,2025-12-26,8901000,경상북도교육청 경상북도영덕교육지원청
8750000,경상북도교육청,8901000,영덕교육지원청,47,경상북도,518,영덕군,강구초등학교 직천분교장,1995,초등학교,자체활용,0,7850,행정지원과,054-730-8064,,경상북도 영덕군 강구면 원직리 261-1,2025-12-26,8901000,경상북도교육청 경상북도영덕교육지원청
8140000,충청남도교육청,8271000,충청남도예산교육지원청,44,충청남도,810,예산군,장신초등학교,1999,초등학교,미활용,0,10099,행정과 경리팀,041-330-3745,,충청남도 예산군 광시면 서초정리 490,2025-12-22,8271000,충청남도교육청 충청남도예산교육지원청
8140000,충청남도교육청,8271000,충청남도예산교육지원청,44,충청남도,810,예산군,만사초등학교,1992,초등학교,대부,0,7773,행정과 경리팀,041-330-3745,,충청남도 예산군 신양면 만사리 44-2,2025-12-22,8271000,충청남도교육청 충청남도예산교육지원청
8140000,충청남도교육청,8271000,충청남도교육청,44,충청남도,810,예산군,대률초등학교,1999,초등학교,자체활용,828,31196,행정과 경리팀,041-330-3745,충청남도 예산군 대흥면 형제고개로 499,충청남도 예산군 대흥면 대률리 479,2025-12-22,8271000,충청남도교육청 충청남도예산교육지원청
8140000,충청남도교육청,8271000,충청남도예산교육지원청,44,충청남도,810,예산군,광시초등학교,1999,초등학교,미활용,900,28379,행정과 경리팀,041-330-3745,충청남도 예산군 광시면 신대길 21-2,충청남도 예산군 광시면 신대리 195-1,2025-12-22,8271000,충청남도교육청 충청남도예산교육지원청
8000000,충청북도교육청,8111000,단양교육지원청,43,충청북도,800,단양군,대강초 장정분교,2017,초등학교,미활용,937,10133,행정과,043-420-6142,충청북도 단양군 대강면 온천로 719-7,충청북도 단양군 대강면 장정리 30,2025-12-01,8000000,충청북도교육청
8000000,충청북도교육청,8111000,단양교육지원청,43,충청북도,800,단양군,영춘초 의풍분교,1995,초등학교,대부,714,10897,행정과,043-420-6142,충청북도 단양군 영춘면 의풍2길 10,충청북도 단양군 영춘명 의풍리 760,2025-12-01,8000000,충청북도교육청
8000000,충청북도교육청,8111000,단양교육지원청,43,충청북도,800,단양군,매포초 기동분교,1990,초등학교,대부,0,3091,행정과,043-420-6142,충청북도 단양군 적성면 기동리 433-1(기동리),충청북도 단양군 적성면 기동리 433-1,2025-12-01,8000000,충청북도교육청
8000000,충청북도교육청,8111000,단양교육지원청,43,충청북도,800,단양군,단양초 노동분교,1999,초등학교,대부,902,5131,행정과,043-420-6142,충청북도 단양군 단양읍 단양노동길 2-5,충청북도 단양군 단양읍 노동리 265,2025-12-01,8000000,충청북도교육청
8000000,충청북도교육청,8111000,단양교육지원청,43,충청북도,800,단양군,대강초 올산분교,1992,초등학교,대부,328,7034,행정과,043-420-6142,충청북도 단양군 대강면 황정산로 7-9,충청북도 단양군 대강면 올산리 185,2025-12-01,8000000,충청북도교육청
8000000,충청북도교육청,8111000,단양교육지원청,43,충청북도,800,단양군,어상천초 선암분교,2001,초등학교,대부,1094,13324,행정과,043-420-6142,충청북도 단양군 어상천면 어상천로 1421,충청북도 단양군 어상천면 석교리 69,2025-12-01,8000000,충청북도교육청
8000000,충청북도교육청,8111000,단양교육지원청,43,충청북도,800,단양군,어상천초 덕문곡분교,1992,초등학교,대부,926,7385,행정과,043-420-6142,충청북도 단양군 어상천면 연곡심곡로 245-10,충청북도 단양군 어상천면 덕문곡리 171,2025-12-01,8000000,충청북도교육청
8000000,충청북도교육청,8111000,단양교육지원청,43,충청북도,800,단양군,단천초 두항분교,1991,초등학교,대부,1783,9871,행정과,043-420-6142,충청북도 단양군 단성면 두항1길 50,충청북도 단양군 단성면 두항리 39,2025-12-01,8000000,충청북도교육청
8000000,충청북도교육청,8111000,단양교육지원청,43,충청북도,800,단양군,영춘초 동대분교,1999,초등학교,자체활용,795,12682,행정과,043-420-6142,충청북도 단양군 영춘면 영부로 2545,충청북도 단양군 영춘면 동대리 806,2025-12-01,8000000,충청북도교육청
8000000,충청북도교육청,8101000,음성교육지원청,43,충청북도,770,음성군,생극초 관성분교,1999,초등학교,미활용,727,19222,행정과,043-871-5072,충청북도 음성군 생극면 일생로 544,충청북도 음성군 생극면 관성리 13-1,2025-12-01,8000000,충청북도교육청
8000000,충청북도교육청,8101000,음성교육지원청,43,충청북도,770,음성군,남신초 덕생분교,2012,초등학교,미활용,0,31757,행정과,043-871-5072,충청북도 음성군 음성읍 덕생로 495-7,충청북도 음성군 음성읍 삼생리 94,2025-12-01,8000000,충청북도교육청
8000000,충청북도교육청,8101000,음성교육지원청,43,충청북도,770,음성군,능산초,2023,초등학교,대부,1612,13307,행정과,043-871-5072,충청북도 음성군 삼성면 금율로389번길 30,충청북도 음성군 삼성면 능산리 203,2025-12-01,8000000,충청북도교육청
8000000,충청북도교육청,8101000,음성교육지원청,43,충청북도,770,음성군,감곡초 상평분교,2000,초등학교,대부,1594,11848,행정과,043-871-5072,충청북도 음성군 감곡면 감노로 174,충청북도 음성군 감곡면 상평리 344-4,2025-12-01,8000000,충청북도교육청
8000000,충청북도교육청,8101000,음성교육지원청,43,충청북도,770,음성군,대장초,2019,초등학교,미활용,2427,16505,행정과,043-871-5072,충청북도 음성군 소이면 장금로 79,충청북도 음성군 소이면 대장리 374-1,2025-12-01,8000000,충청북도교육청
8000000,충청북도교육청,8101000,음성교육지원청,43,충청북도,770,음성군,원남초 문암분교,1999,초등학교,대부,596,6499,행정과,043-871-5072,충청북도 음성군 원남면 충청대로 232,충청북도 음성군 원남면 문암리 593,2025-12-01,8000000,충청북도교육청
8000000,충청북도교육청,8101000,음성교육지원청,43,충청북도,770,음성군,무극초 사정분교,1995,초등학교,대부,458,11673,행정과,043-871-5072,충청북도 음성군 음성읍 음성로826번길 6-9,충청북도 음성읍 사정리 949,2025-12-01,8000000,충청북도교육청
8000000,충청북도교육청,8092000,괴산증평교육지원청,43,충청북도,760,괴산군,청천초 신월분교,2007,초등학교,미활용,864,10985,행정과,043-830-5072,충청북도 괴산군 청천면 괴산로신월3길 10,충청북도 괴산군 청천면 신월리 144,2025-12-01,8000000,충청북도교육청
8000000,충청북도교육청,8092000,괴산증평교육지원청,43,충청북도,760,괴산군,백봉초 운곡분교,1995,초등학교,미활용,983,15431,행정과,043-830-5072,충청북도 괴산군 청안면 질마로 953,충청북도 괴산군 청안면 운곡리 209-2,2025-12-01,8000000,충청북도교육청
8000000,충청북도교육청,8092000,괴산증평교육지원청,43,충청북도,760,괴산군,추산초,2017,초등학교,미활용,1240,7728,행정과,043-830-5072,충청북도 괴산군 불정면 동추산길 1,충청북도 괴산군 불정면 추산리 545-2,2025-12-01,8000000,충청북도교육청
8000000,충청북도교육청,8092000,괴산증평교육지원청,43,충청북도,760,괴산군,오수초,1999,초등학교,미활용,1014,12703,행정과,043-830-5072,충청북도 괴산군 연풍면 유상길 85,충청북도 괴산군 연풍면 유하리 196-9,2025-12-01,8000000,충청북도교육청
8000000,충청북도교육청,8092000,괴산증평교육지원청,43,충청북도,760,괴산군,괴산명덕초 제월분교,1996,초등학교,대부,1088,11622,행정과,043-830-5072,충청북도 괴산군 괴산읍 제월6길 29,충청북도 괴산군 괴산읍 제월리 289,2025-12-01,8000000,충청북도교육청
8000000,충청북도교육청,8092000,괴산증평교육지원청,43,충청북도,760,괴산군,백봉초 장암분교,1999,초등학교,대부,993,8356,행정과,043-830-5072,충청북도 괴산군 청안면 장암로 296-10,충청북도 괴산군 청안면 장암리 401-1,2025-12-01,8000000,충청북도교육청
8000000,충청북도교육청,8092000,괴산증평교육지원청,43,충청북도,760,괴산군,감물중,2013,중학교,대부,1717,9863,행정과,043-830-5072,충청북도 괴산군 감물면 맹이재로 611-7,충청북도 괴산군 감물면 광전리 112,2025-12-01,8000000,충청북도교육청
8000000,충청북도교육청,8092000,괴산증평교육지원청,43,충청북도,760,괴산군,세평초,1998,초등학교,대부,1142,14178,행정과,043-830-5072,충청북도 괴산군 불정면 관동로세평4길 24,충청북도 괴산군 불정면 세평리 214,2025-12-01,8000000,충청북도교육청
8000000,충청북도교육청,8092000,괴산증평교육지원청,43,충청북도,760,괴산군,목도고,2022,고등학교,자체활용,4760,19364,행정과,043-830-5072,충청북도 괴산군 불정면 한불로청덕1길 50-15,충청북도 괴산군 불정면 목도리 360,2025-12-01,8000000,충청북도교육청
8000000,충청북도교육청,8092000,괴산증평교육지원청,43,충청북도,760,괴산군,칠성초 쌍곡분교,1991,초등학교,자체활용,1447,6871,행정과,043-830-5072,충청북도 괴산군 칠성면 쌍곡로 515,충청북도 괴산군 칠성면 쌍곡리 157,2025-12-01,8000000,충청북도교육청
8000000,충청북도교육청,8081000,진천교육지원청,43,충청북도,750,진천군,(구)상신초,2019,초등학교,미활용,1841,16621,행정과,043-530-5382,충청북도 진천군 이월면 신정길 15,충청북도 진천군 이월면 신월리 317-16,2025-12-01,8000000,충청북도교육청
8000000,충청북도교육청,8081000,진천교육지원청,43,충청북도,750,진천군,성암초 연곡분교,1991,초등학교,미활용,0,5994,행정과,043-530-5382,충청북도 진천군 진천읍 보련골길 28,충청북도 진천군 진천읍 연곡리 191-1,2025-12-01,8000000,충청북도교육청
8000000,충청북도교육청,8081000,진천교육지원청,43,충청북도,750,진천군,백곡초 성대분교,1999,초등학교,대부,1383,11233,행정과,043-530-5382,충청북도 진천군 백곡면 성대1길 6,충청북도 진천군 백곡면 성대리 498-2,2025-12-01,8000000,충청북도교육청
8000000,충청북도교육청,8081000,진천교육지원청,43,충청북도,750,진천군,구정초 오상분교,2002,초등학교,대부,577,12413,행정과,043-530-5382,충청북도 진천군 초평면 연암길 136,충청북도 진천군 초평면 은암리 290-1,2025-12-01,8000000,충청북도교육청
8000000,충청북도교육청,8081000,진천교육지원청,43,충청북도,750,진천군,(구)옥동초,2014,초등학교,자체활용,2716,15100,행정과,043-530-5382,충청북도 진천군 덕산읍 인석로 381,충청북도 진천군 덕산면 옥동리 359-2,2025-12-01,8000000,충청북도교육청
8000000,충청북도교육청,8081000,진천교육지원청,43,충청북도,750,진천군,신덕초,1994,초등학교,자체활용,3207,19064,행정과,043-530-5382,충청북도 진천군 진천읍 이상설길 85,충청북도 진천군 진천읍 삼덕리 607-2,2025-12-01,8000000,충청북도교육청
8000000,충청북도교육청,8081000,진천교육지원청,43,충청북도,750,진천군,백곡중,2012,중학교,자체활용,735,28026,행정과,043-530-5382,충청북도 진천군 백곡면 사송3길 17,충청북도 진천군 백곡면 사송리 476-1,2025-12-01,8000000,충청북도교육청
8000000,충청북도교육청,8071000,영동교육지원청,43,충청북도,740,영동군,상촌초 황학분교,1998,초등학교,미활용,931,9082,행정과,043-740-7783,충청북도 영동군 상촌면 궁촌5길 6,충청북도 영동군 상촌면 궁촌리 301,2025-12-01,8000000,충청북도교육청
8000000,충청북도교육청,8071000,영동교육지원청,43,충청북도,740,영동군,상촌중,2019,중학교,대부,2445,19091,행정과,043-740-7783,충청북도 영동군 상촌면 상촌로 1264,충청북도 영동군 상촌면 유곡리 467-3,2025-12-01,8000000,충청북도교육청
8000000,충청북도교육청,8071000,영동교육지원청,43,충청북도,740,영동군,용산초,1999,초등학교,미활용,1615,25556,행정과,043-740-7783,충청북도 영동군 용산면 용심로 1284,충청북도 영동군 용산면 한곡리 206-2,2025-12-01,8000000,충청북도교육청
8000000,충청북도교육청,8071000,영동교육지원청,43,충청북도,740,영동군,상촌초 대해분교,1991,초등학교,대부,769,9426,행정과,043-740-7783,충청북도 영동군 상촌면 대해1길 12,충청북도 영동군 상촌면 대해리 698,2025-12-01,8000000,충청북도교육청
8000000,충청북도교육청,8071000,영동교육지원청,43,충청북도,740,영동군,영동초 화신분교,1993,초등학교,대부,241,3505,행정과,043-740-7783,충청북도 영동군 영동읍 당곡로 9,충청북도 영동군 영동읍 화신리 228-3,2025-12-01,8000000,충청북도교육청
8000000,충청북도교육청,8071000,영동교육지원청,43,충청북도,740,영동군,양산초 천태분교,1994,초등학교,대부,726,8829,행정과,043-740-7783,충청북도 영동군 양산면 신기길 6-27,충청북도 영동군 양산면 호탄리 708-1,2025-12-01,8000000,충청북도교육청
8000000,충청북도교육청,8071000,영동교육지원청,43,충청북도,740,영동군,학산초 봉산분교,1999,초등학교,대부,958,13824,행정과,043-740-7783,충청북도 영동군 학산면 갈기산로 40,충청북도 영동군 학산면 황산리 563-1,2025-12-01,8000000,충청북도교육청
8000000,충청북도교육청,8071000,영동교육지원청,43,충청북도,740,영동군,천덕초,1999,초등학교,대부,733,7685,행정과,043-740-7783,충청북도 영동군 매곡면 옥전공수로 627,충청북도 영동군 매곡면 공수리 463-2,2025-12-01,8000000,충청북도교육청
8000000,충청북도교육청,8071000,영동교육지원청,43,충청북도,740,영동군,용암초,1999,초등학교,대부,506,9808,행정과,043-740-7783,충청북도 영동군 황간면 구룡로 321,충청북도 영동군 황간면 용암리 642,2025-12-01,8000000,충청북도교육청
8000000,충청북도교육청,8071000,영동교육지원청,43,충청북도,740,영동군,미봉초,2018,초등학교,대부,1430,13714,행정과,043-740-7783,충청북도 영동군 양강면 학산영동로 495,충청북도 영동군 양강면 유점리 697-3,2025-12-01,8000000,충청북도교육청
8000000,충청북도교육청,8071000,영동교육지원청,43,충청북도,740,영동군,용화초 자계분교,1991,초등학교,대부,700,4001,행정과,043-740-7783,충청북도 영동군 용화면 횡지구백길 5,충청북도 영동군 용화면 자계리 569,2025-12-01,8000000,충청북도교육청
8490000,전라남도교육청,8531000,나주교육지원청,46,전라남도,170,나주시,공산고등학교,2013,고등학교,대부,3056,15210,재정과,061-260-0792,전라남도 나주시 공산면 공산로 30,전라남도 나주시 공산면 금곡리 819-4,2025-11-18,8490000,전라남도교육청
8490000,전라남도교육청,8531000,나주교육지원청,46,전라남도,170,나주시,남평동초등학교,1999,초등학교,대부,1058,13474,재정과,061-260-0792,전라남도 나주시 남평읍 나주호로 843,전라남도 나주시 남평읍 우산리 984,2025-11-18,8490000,전라남도교육청
8490000,전라남도교육청,8531000,나주교육지원청,46,전라남도,170,나주시,나주초이화분교장,2008,초등학교,미활용,1752,14268,재정과,061-260-0792,전라남도 나주시 송학1길 23(토계동),전라남도 나주시 토계동 318,2025-11-18,8490000,전라남도교육청
8490000,전라남도교육청,8531000,나주교육지원청,46,전라남도,170,나주시,다시남초등학교,1999,초등학교,미활용,1338,20075,재정과,061-260-0792,전라남도 나주시 다시면 석관로 316-2,전라남도 나주시 다시면 문동리 654,2025-11-18,8490000,전라남도교육청
8490000,전라남도교육청,8531000,나주교육지원청,46,전라남도,170,나주시,다시초국동분교장,1995,초등학교,미활용,75,11113,재정과,061-260-0792,전라남도 나주시 문평면 절골길 1-5,전라남도 나주시 문평면 국동리 678,2025-11-18,8490000,전라남도교육청
8490000,전라남도교육청,8531000,나주교육지원청,46,전라남도,170,나주시,다도초덕림분교장,1991,초등학교,미활용,0,2742,재정과,061-260-0792,전라남도 나주시 다도면 덕림로 248-9,전라남도 나주시 다도면 덕림리 538,2025-11-18,8490000,전라남도교육청
8490000,전라남도교육청,8581000,구례교육지원청,46,전라남도,730,구례군,토지초외곡분교장,1992,초등학교,미활용,2501,5893,재정과,061-260-0792,전라남도 구례군 토지면 피아골로 54,전라남도 구례군 토지면 외곡리 543,2025-11-18,8490000,전라남도교육청
8490000,전라남도교육청,8581000,구례교육지원청,46,전라남도,730,구례군,토지초문수분교장,2000,초등학교,대부,217,55168,재정과,061-260-0792,전라남도 구례군 토지면 문수길 319,전라남도 구례군 토지면 문수리 846-1,2025-11-18,8490000,전라남도교육청
8490000,전라남도교육청,8551000,광양교육지원청,46,전라남도,230,광양시,진상초황죽분교장,2017,초등학교,대부,796,6893,재정과,061-260-0792,전라남도 광양시 진상면 신황길 126,전라남도 광양시 진상면 황죽리 250-18,2025-11-18,8490000,전라남도교육청
8490000,전라남도교육청,8571000,곡성교육지원청,46,전라남도,720,곡성군,겸면초마삼분교장,2004,초등학교,대부,876,12240,재정과,061-260-0792,전라남도 곡성군 겸면 산정길 15-19,전라남도 곡성군 겸면 마전리 566,2025-11-18,8490000,전라남도교육청
8490000,전라남도교육청,8571000,곡성교육지원청,46,전라남도,720,곡성군,오곡초명성분교장,1992,초등학교,대부,376,5396,재정과,061-260-0792,전라남도 곡성군 오곡면 오죽로 1550,전라남도 곡성군 오곡면 구성리 221,2025-11-18,8490000,전라남도교육청
8490000,전라남도교육청,8571000,곡성교육지원청,46,전라남도,720,곡성군,석곡초염곡분교장,1995,초등학교,미활용,466,6787,재정과,061-260-0792,전라남도 곡성군 석곡면 노치로 412-45,전라남도 곡성군 석곡면 염곡리 1033,2025-11-18,8490000,전라남도교육청
8490000,전라남도교육청,8571000,곡성교육지원청,46,전라남도,720,곡성군,석곡초명강분교장,1999,초등학교,대부,1153,15712,재정과,061-260-0792,전라남도 곡성군 석곡면 방주마천목길 107,전라남도 곡성군 석곡면 방송리 538,2025-11-18,8490000,전라남도교육청
8490000,전라남도교육청,8571000,곡성교육지원청,46,전라남도,720,곡성군,석곡초기룡분교장,1996,초등학교,대부,901,6966,재정과,061-260-0792,전라남도 곡성군 목사동면 대곡당산길 1,전라남도 곡성군 목사동면 대곡리 1041-2,2025-11-18,8490000,전라남도교육청
8490000,전라남도교육청,8591000,고흥교육지원청,46,전라남도,770,고흥군,화계초여주분교장,1994,초등학교,미활용,0,6315,재정과,061-260-0792,전라남도 고흥군 점암면 여호한길목길 19,전라남도 고흥군 점암면 여호리 232,2025-11-18,8490000,전라남도교육청
8490000,전라남도교육청,8591000,고흥교육지원청,46,전라남도,770,고흥군,금산종합고등학교,2015,고등학교,대부,3404,26456,재정과,061-260-0792,전라남도 고흥군 금산면 돈청길 25-17,전라남도 고흥군 금산면 대흥리 1176,2025-11-18,8490000,전라남도교육청
8490000,전라남도교육청,8591000,고흥교육지원청,46,전라남도,770,고흥군,대서초안남분교장,2008,초등학교,미활용,1992,13776,재정과,061-260-0792,전라남도 고흥군 대서면 동서로 808,전라남도 고흥군 대서면 안남리 626,2025-11-18,8490000,전라남도교육청
8490000,전라남도교육청,8591000,고흥교육지원청,46,전라남도,770,고흥군,풍양초매곡분교장,1992,초등학교,대부,0,3401,재정과,061-260-0792,전라남도 고흥군 풍양면 매곡1길 17,전라남도 고흥군 풍양면 매곡리 638-9,2025-11-18,8490000,전라남도교육청
8490000,전라남도교육청,8591000,고흥교육지원청,46,전라남도,770,고흥군,두원중학교,2002,중학교,대부,1424,16909,재정과,061-260-0792,전라남도 고흥군 두원면 두원로 895-4,전라남도 고흥군 두원면 대금리 242,2025-11-18,8490000,전라남도교육청
8490000,전라남도교육청,8591000,고흥교육지원청,46,전라남도,770,고흥군,두원북초등학교,1999,초등학교,대부,933,18460,재정과,061-260-0792,전라남도 고흥군 두원면 두원구룡길 10,전라남도 고흥군 두원면 용당리 233,2025-11-18,8490000,전라남도교육청
8490000,전라남도교육청,8591000,고흥교육지원청,46,전라남도,770,고흥군,남성초등학교,1999,초등학교,대부,1514,14931,재정과,061-260-0792,전라남도 고흥군 포두면 천마로 3481-5,전라남도 고흥군 포두면 남성리 461,2025-11-18,8490000,전라남도교육청
8490000,전라남도교육청,8591000,고흥교육지원청,46,전라남도,770,고흥군,대서서초등학교,1999,초등학교,대부,0,14223,재정과,061-260-0792,전라남도 고흥군 대서면 축동길 84-1,전라남도 고흥군 대서면 남정리 550,2025-11-18,8490000,전라남도교육청
8490000,전라남도교육청,8591000,고흥교육지원청,46,전라남도,770,고흥군,흥양초등학교,1998,초등학교,대부,1223,16642,재정과,061-260-0792,전라남도 고흥군 도화면 문안길 28,전라남도 고흥군 도화면 신호리 293-1,2025-11-18,8490000,전라남도교육청
8490000,전라남도교육청,8591000,고흥교육지원청,46,전라남도,770,고흥군,포두초포두동분교장,1995,초등학교,대부,639,98475,재정과,061-260-0792,전라남도 고흥군 포두면 외산길 8-23,전라남도 고흥군 포두면 차동리 1183,2025-11-18,8490000,전라남도교육청
8490000,전라남도교육청,8591000,고흥교육지원청,46,전라남도,770,고흥군,동강초매곡분교장,1997,초등학교,미활용,1130,13278,재정과,061-260-0792,전라남도 고흥군 동강면 원매곡길 3-6,전라남도 고흥군 동강면 매곡리 413,2025-11-18,8490000,전라남도교육청
8140000,충청남도교육청,8231000,충청남도부여교육지원청,44,충청남도,760,부여군,양화중학교,2025,중학교,대부,1909.31,23487,행정과,041-830-8233,충청남도 부여군 임천면 성흥로 210,충청남도 부여군 임천면 구교리 521-1,2025-09-03,8231000,충청남도교육청 충청남도부여교육지원청
8140000,충청남도교육청,8231000,충청남도부여교육지원청,44,충청남도,760,부여군,마정초등학교,2025,초등학교,대부,1866.78,13915,행정과,041-830-8233,충청남도 부여군 세도면 인세로 40-3,충청남도 부여군 세도면 귀덕리 503,2025-09-03,8231000,충청남도교육청 충청남도부여교육지원청
8140000,충청남도교육청,8231000,충청남도부여교육지원청,44,충청남도,760,부여군,임주초등학교,1995,초등학교,미활용,0,16576,행정과,041-830-8233,충청남도 부여군 임천면 성흥로 210,충청남도 부여군 임천면 구교리 521-1,2025-09-03,8231000,충청남도교육청 충청남도부여교육지원청
8140000,충청남도교육청,8231000,충청남도부여교육지원청,44,충청남도,760,부여군,인세초등학교,2018,초등학교,대부,2538,6726,행정과,041-830-8233,충청남도 부여군 세도면 인세로 40-3,충청남도 부여군 세도면 귀덕리 503,2025-09-03,8231000,충청남도교육청 충청남도부여교육지원청
7310000,인천광역시교육청,7321000,인천광역시 남부교육지원청,28,인천광역시,110,중구,용유초등학교 무의분교,2023,초등학교,자체활용,681.95,962,교육재정과,032-420-6588,,인천광역시 중구 무의동 248-3,2025-09-01,7310000,인천광역시교육청
7310000,인천광역시교육청,7351000,강화교육지원청,28,인천광역시,710,강화군,교동초등학교 지석분교,2023,초등학교,자체활용,1547.59,16096,교육재정과,032-420-6588,,인천광역시 강화군 교동면 삼선리 493,2025-09-01,7310000,인천광역시교육청
7310000,인천광역시교육청,7351000,강화교육지원청,28,인천광역시,710,강화군,서도중학교 볼음분교,2019,중학교,대부,618.41,26763,교육재정과,032-420-6588,,인천광역시 강화군 서도면 볼음도리 596-1,2025-09-01,7310000,인천광역시교육청
7310000,인천광역시교육청,7351000,강화교육지원청,28,인천광역시,710,강화군,서도초등학교 볼음분교,2019,초등학교,대부,416.53,26763,교육재정과,032-420-6588,,인천광역시 강화군 서도면 볼음도리 596-1,2025-09-01,7310000,인천광역시교육청
7310000,인천광역시교육청,7351000,강화교육지원청,28,인천광역시,710,강화군,길상초등학교 선택분교,2001,초등학교,미활용,688.5,9055,교육재정과,032-420-6588,인천광역시 강화군 길상면 해안남로 696,인천광역시 강화군 길상면 선두리 962-3,2025-09-01,7310000,인천광역시교육청
7310000,인천광역시교육청,7321000,인천광역시 남부교육지원청,28,인천광역시,720,옹진군,인천남중학교 북도분교,1999,중학교,미활용,753.58,17271,교육재정과,032-420-6588,인천광역시 옹진군 북도면 신도로182번길 64,인천광역시 옹진군 북도면 신도리 628,2025-09-01,7310000,인천광역시교육청
7310000,인천광역시교육청,7351000,강화교육지원청,28,인천광역시,710,강화군,삼산초등학교  서검분교,2000,초등학교,미활용,0,6617,교육재정과,032-420-6588,,인천광역시 강화군 삼산면 서검리 산52-1,2025-09-01,7310000,인천광역시교육청
7310000,인천광역시교육청,7351000,강화교육지원청,28,인천광역시,710,강화군,난정초등학교,2019,초등학교,자체활용,4718,12291,교육재정과,032-420-6588,인천광역시 강화군 교동면 교동서로378번길 28,인천광역시 강화군 교동면 난정리 1282,2025-09-01,7310000,인천광역시교육청
7310000,인천광역시교육청,7321000,인천광역시 남부교육지원청,28,인천광역시,720,옹진군,영흥초등학교 선재분교,2015,초등학교,자체활용,4175,10282,교육재정과,032-420-6588,인천광역시 옹진군 영흥면 선재로34번길 197,인천광역시 옹진군 영흥면 선재리3,2025-09-01,7310000,인천광역시교육청
7310000,인천광역시교육청,7351000,강화교육지원청,28,인천광역시,710,강화군,길상초등학교 초지분교,2002,초등학교,대부,451.36,9604,교육재정과,032-420-6588,인천광역시 강화군 길상면 신촌로146번길 14-11,인천광역시 강화군 길상면 초지리 1140-4,2025-09-01,7310000,인천광역시교육청
7310000,인천광역시교육청,7351000,강화교육지원청,28,인천광역시,710,강화군,마리산초등학교,1999,초등학교,미활용,834.11,10418,교육재정과,032-420-6588,인천광역시 강화군 화도면 신촌길 40-16,인천광역시 강화군 화도면 덕포리 1212,2025-09-01,7310000,인천광역시교육청
7310000,인천광역시교육청,7351000,강화교육지원청,28,인천광역시,710,강화군,양당초등학교,1999,초등학교,대부,1046,5695,교육재정과,032-420-6588,인천광역시 강화군 송해면 장정양오길 437,인천광역시 강화군 송해면 양오리 632-4,2025-09-01,7310000,인천광역시교육청
7310000,인천광역시교육청,7321000,인천광역시 남부교육지원청,28,인천광역시,720,옹진군,내리초등학교,1999,초등학교,대부,0,6400,교육재정과,032-420-6588,인천광역시 옹진군 영흥면 영흥북로 228,인천광역시 옹진군 영흥면 내리 61,2025-09-01,7310000,인천광역시교육청
7310000,인천광역시교육청,7351000,강화교육지원청,28,인천광역시,710,강화군,양사초등학교 서사분교,1998,초등학교,자체활용,1081,11578,교육재정과,032-420-6588,인천광역시 강화군 양사면 서사길 159,인천광역시 강화군 양사면 교산리 364,2025-09-01,7310000,인천광역시교육청
7310000,인천광역시교육청,7351000,강화교육지원청,28,인천광역시,710,강화군,화도초등학교 장화분교,1995,초등학교,자체활용,3307,9085,교육재정과,032-420-6588,인천광역시 강화군 화도면 해안남로 2463,인천광역시 강화군 화도면 장화리 345-1,2025-09-01,7310000,인천광역시교육청
7310000,인천광역시교육청,7321000,인천광역시 남부교육지원청,28,인천광역시,110,중구,용유초등학교 을왕분교,1976,초등학교,자체활용,9684,4954,교육재정과,032-420-6588,인천광역시 중구 용유서로 358 (을왕동),인천광역시 중구 을왕동 762-1,2025-09-01,7310000,인천광역시교육청
7310000,인천광역시교육청,7321000,인천광역시 남부교육지원청,28,인천광역시,720,옹진군,대청초등학교 소청분교,2024,초등학교,미활용,337,9308,교육재정과,032-420-6588,인천광역시 옹진군 대청면 소청동로 69-13,인천광역시 옹진군 대청면 소청리 454-1,2025-09-01,7310000,인천광역시교육청
7310000,인천광역시교육청,7321000,인천광역시 남부교육지원청,28,인천광역시,720,옹진군,대청중학교 소청분교,1998,중학교,미활용,0,8977,교육재정과,032-420-6588,인천광역시 옹진군 대청면 소청동로 69-13,인천광역시 옹진군 대청면 소청리 454-1,2025-09-01,7310000,인천광역시교육청
7310000,인천광역시교육청,7351000,강화교육지원청,28,인천광역시,710,강화군,흥왕초등학교,1999,초등학교,자체활용,1183,11729,교육재정과,032-420-6588,인천광역시 강화군 화도면 해안남로 1854,인천광역시 강화군 화도면 흥왕리 361,2025-09-01,7310000,인천광역시교육청
7310000,인천광역시교육청,7321000,인천광역시 남부교육지원청,28,인천광역시,177,미추홀구,효열초등학교,1994,초등학교,자체활용,0,3188,교육재정과,032-420-6588,인천광역시 미추홀구 석정로 165,인천광역시 미추홀구 도화동 193-12,2025-09-01,7310000,인천광역시교육청